year,site,block,time,group_id,Ew,M1,M2,M3,M4,M5
1990,KEYSBROOK (DELBORELLO),A,130,1,63,0.3,1,1.6,3.3,9.1
1990,KEYSBROOK (DELBORELLO),A,135,1,56,1.8,2.2,0.4,2.7,18
1990,KEYSBROOK (DELBORELLO),A,143,1,188.5,17.7,5.9,2.9,4.2,18.5
1990,KEYSBROOK (DELBORELLO),A,150,1,326.5,47.9,31.5,9.6,7.7,22.3
1990,KEYSBROOK (DELBORELLO),A,157,1,404.5,30.8,111.5,40.3,8.6,23.1
1990,KEYSBROOK (DELBORELLO),A,171,1,255,38.7,49.3,60.8,30.3,71.5
1990,KEYSBROOK (DELBORELLO),A,178,1,116,34.3,89.8,59.3,41.7,81.4
1990,KEYSBROOK (DELBORELLO),A,185,1,73.5,8.3,36.5,46.4,50.4,69.7
1990,KEYSBROOK (DELBORELLO),A,192,1,3,34.2,62.6,79.6,65.3,27.9
1990,KEYSBROOK (DELBORELLO),A,199,1,43.5,100.1,72.6,45.3,51.8,18.8
1990,KEYSBROOK (DELBORELLO),A,206,1,8,78.6,56.2,19.2,9.5,1.6
1990,KEYSBROOK (DELBORELLO),A,213,1,11.5,64.2,29,12.1,6.1,5.7
1990,KEYSBROOK (DELBORELLO),A,220,1,10,9.6,81.6,8.2,3.4,7.6
1990,KEYSBROOK (DELBORELLO),A,227,1,6.5,4.3,37.8,30.6,2.2,4.8
1990,KEYSBROOK (DELBORELLO),A,234,1,9.5,4.5,14.8,27.2,16.8,6.7
1990,KEYSBROOK (DELBORELLO),A,241,1,13,6.5,13.8,17.3,19.3,3.6
1990,KEYSBROOK (DELBORELLO),A,248,1,219,14.6,9.3,8.5,15.6,14.1
1990,KEYSBROOK (DELBORELLO),A,255,1,54,26.5,24.7,8.3,6.7,4.4
1990,KEYSBROOK (DELBORELLO),A,256,1,22,33.3,107.7,91.6,24.5,35.4
1990,KEYSBROOK (DELBORELLO),A,262,1,27.5,10.9,84.3,18.7,11.6,6.8
1990,KEYSBROOK (DELBORELLO),A,269,1,29,4.2,120.9,58.4,8.3,4.5
1990,KEYSBROOK (DELBORELLO),A,276,1,6.5,1.1,24.5,53.4,57,30.8
1990,KEYSBROOK (DELBORELLO),A,283,1,11,1.4,10.9,27.9,83.9,44.8
1990,KEYSBROOK (DELBORELLO),A,290,1,6.5,0.1,2.5,6,28.4,55.2
1990,KEYSBROOK (DELBORELLO),A,297,1,0,0,5.9,11.3,27.3,72
1990,KEYSBROOK (DELBORELLO),A,304,1,0,0,0,0.7,2,11.3
1990,KEYSBROOK (DELBORELLO),A,311,1,NA,0,0,0,0,0.3
1990,KEYSBROOK (DELBORELLO),A,318,1,NA,0,0,0,0,0.7
1990,KEYSBROOK (DELBORELLO),B,130,2,45.5,0.1,0.5,1.7,5.1,5.4
1990,KEYSBROOK (DELBORELLO),B,135,2,87,1.4,3.3,2.1,3.5,16.3
1990,KEYSBROOK (DELBORELLO),B,143,2,429.5,34.7,8.9,8.3,4.8,22.6
1990,KEYSBROOK (DELBORELLO),B,150,2,1024,71.5,49.8,18.6,10.6,42.5
1990,KEYSBROOK (DELBORELLO),B,157,2,865,23.3,116.7,39.9,5.5,22.6
1990,KEYSBROOK (DELBORELLO),B,171,2,125.5,37.6,81.1,75.6,44.7,78.2
1990,KEYSBROOK (DELBORELLO),B,178,2,739.5,62.9,114.5,62.8,44.8,58.4
1990,KEYSBROOK (DELBORELLO),B,185,2,81.5,10.6,37.7,36.7,30.9,26.1
1990,KEYSBROOK (DELBORELLO),B,192,2,149.5,14.7,49.3,61.3,67.6,24.4
1990,KEYSBROOK (DELBORELLO),B,199,2,128.5,107.2,54.9,44.4,40.5,11.2
1990,KEYSBROOK (DELBORELLO),B,206,2,4,57.3,67.6,29.2,20.1,4.4
1990,KEYSBROOK (DELBORELLO),B,213,2,11,77.4,19.4,12.9,4,6.8
1990,KEYSBROOK (DELBORELLO),B,220,2,10.5,6.4,83.2,9.3,3.9,8.9
1990,KEYSBROOK (DELBORELLO),B,227,2,19,2.1,31.8,30.3,3.3,4
1990,KEYSBROOK (DELBORELLO),B,234,2,0.5,2.9,12.3,32.5,24.8,8.9
1990,KEYSBROOK (DELBORELLO),B,241,2,49.5,2.9,13.7,20.6,15.8,2.3
1990,KEYSBROOK (DELBORELLO),B,248,2,20,13.2,15.1,8.4,5.4,7.6
1990,KEYSBROOK (DELBORELLO),B,255,2,45.5,38.5,39.4,9.8,6,4.7
1990,KEYSBROOK (DELBORELLO),B,256,2,140,34.1,72.9,53.8,13.3,26.3
1990,KEYSBROOK (DELBORELLO),B,262,2,6,6.2,63,10.8,9.7,5.2
1990,KEYSBROOK (DELBORELLO),B,269,2,22.5,7.6,112.5,44.3,7.9,4.2
1990,KEYSBROOK (DELBORELLO),B,276,2,1.5,1,14.8,47.1,63.5,31.4
1990,KEYSBROOK (DELBORELLO),B,283,2,24.5,0.5,14.3,19.8,61.7,57.3
1990,KEYSBROOK (DELBORELLO),B,290,2,2.5,0,3.1,9.4,30.8,74.5
1990,KEYSBROOK (DELBORELLO),B,297,2,0,0.1,1.1,4.6,18.1,54.6
1990,KEYSBROOK (DELBORELLO),B,304,2,0,0,0,2.9,6.4,21.5
1990,KEYSBROOK (DELBORELLO),B,311,2,NA,0,0,0,0,5.2
1990,KEYSBROOK (DELBORELLO),B,318,2,NA,0,0,0,0,0
1990,KEYSBROOK (DELBORELLO),C,130,3,122.5,0.3,0.8,2.7,6.6,11.9
1990,KEYSBROOK (DELBORELLO),C,135,3,518,1.9,5.7,2.3,1.8,20.7
1990,KEYSBROOK (DELBORELLO),C,143,3,877,15.8,3.9,2.5,2.1,13.7
1990,KEYSBROOK (DELBORELLO),C,150,3,661,88.6,66.6,13.8,5,32.9
1990,KEYSBROOK (DELBORELLO),C,157,3,78,23.9,163,55,8.8,24.1
1990,KEYSBROOK (DELBORELLO),C,171,3,56.5,36.3,109.9,85.5,23.8,42.9
1990,KEYSBROOK (DELBORELLO),C,178,3,424,26.2,81.3,65.9,53.1,111.6
1990,KEYSBROOK (DELBORELLO),C,185,3,286.5,15.1,52.9,50,46.4,30.1
1990,KEYSBROOK (DELBORELLO),C,192,3,93.5,9.9,36.4,35.5,42.2,11.5
1990,KEYSBROOK (DELBORELLO),C,199,3,71,71.2,59.3,47.1,40.8,13.2
1990,KEYSBROOK (DELBORELLO),C,206,3,7,49.5,52.7,23.1,13.4,3.9
1990,KEYSBROOK (DELBORELLO),C,213,3,3.5,65.9,19.6,11.8,6.1,7.4
1990,KEYSBROOK (DELBORELLO),C,220,3,7.5,5.1,49.5,4.6,1.4,3
1990,KEYSBROOK (DELBORELLO),C,227,3,1.5,1.4,28,24.4,2.7,2.9
1990,KEYSBROOK (DELBORELLO),C,234,3,14,1.3,16,41.8,26.9,8.6
1990,KEYSBROOK (DELBORELLO),C,241,3,42,4.2,15.2,40,21.2,3.4
1990,KEYSBROOK (DELBORELLO),C,248,3,8,4.7,7.1,7,7,5.8
1990,KEYSBROOK (DELBORELLO),C,255,3,40.5,13.1,6.7,4.4,2.6,3.8
1990,KEYSBROOK (DELBORELLO),C,256,3,19,34.2,102.1,98.6,30.3,31.7
1990,KEYSBROOK (DELBORELLO),C,262,3,54.5,3.9,47.2,14.5,10.8,5.8
1990,KEYSBROOK (DELBORELLO),C,269,3,41,1.8,60.3,34.3,7.2,5.3
1990,KEYSBROOK (DELBORELLO),C,276,3,13.5,0.7,21.4,42.2,59.2,15.4
1990,KEYSBROOK (DELBORELLO),C,283,3,3,0.1,3.8,18.5,65.8,37
1990,KEYSBROOK (DELBORELLO),C,290,3,0.5,0.1,2.3,5.3,15.5,36.5
1990,KEYSBROOK (DELBORELLO),C,297,3,0,0,0,0.2,1.3,2.9
1990,KEYSBROOK (DELBORELLO),C,304,3,0,0,0,0.3,1.6,6.2
1990,KEYSBROOK (DELBORELLO),C,311,3,NA,0,0,0,0,0.3
1990,KEYSBROOK (DELBORELLO),C,318,3,NA,0,0,0,0,0
1990,KEYSBROOK (DELBORELLO),D,130,4,107.5,0.1,1,4.1,11,12.6
1990,KEYSBROOK (DELBORELLO),D,135,4,122,1.8,9.4,0.9,3.6,35
1990,KEYSBROOK (DELBORELLO),D,143,4,382,40.9,24,8.8,4.3,27.5
1990,KEYSBROOK (DELBORELLO),D,150,4,319,73.3,66.2,19.6,7.8,22.7
1990,KEYSBROOK (DELBORELLO),D,157,4,487.5,14.2,124.2,56.7,9.6,20.1
1990,KEYSBROOK (DELBORELLO),D,171,4,283,29.4,83.2,112,63,73.9
1990,KEYSBROOK (DELBORELLO),D,178,4,151.5,10.1,56.4,62.9,53.6,77.6
1990,KEYSBROOK (DELBORELLO),D,185,4,1099.5,2.5,20.3,38.4,35.8,42.8
1990,KEYSBROOK (DELBORELLO),D,192,4,1086.5,14.3,44.8,87,114.6,45.1
1990,KEYSBROOK (DELBORELLO),D,199,4,71.5,59.7,65,63.1,60.5,16.4
1990,KEYSBROOK (DELBORELLO),D,206,4,17.5,62.7,73.1,31.3,17.6,3.6
1990,KEYSBROOK (DELBORELLO),D,213,4,6,57.1,21,10.6,6.4,7.7
1990,KEYSBROOK (DELBORELLO),D,220,4,1.5,4.8,79.4,17.1,11.8,14.1
1990,KEYSBROOK (DELBORELLO),D,227,4,0,2.3,39.4,41.7,4.5,3.7
1990,KEYSBROOK (DELBORELLO),D,234,4,63,3.2,17.9,45.3,28.9,8.9
1990,KEYSBROOK (DELBORELLO),D,241,4,28,2.7,9.8,30.4,24.4,2.4
1990,KEYSBROOK (DELBORELLO),D,248,4,14,17.5,8,7.2,9.4,9.6
1990,KEYSBROOK (DELBORELLO),D,255,4,25,28.11111111111111,19.333333333333332,11.88888888888889,5,4.777777777777778
1990,KEYSBROOK (DELBORELLO),D,256,4,204,14.6,92.4,73.4,23.2,20
1990,KEYSBROOK (DELBORELLO),D,262,4,0,7,64.2,8.8,4.2,4.2
1990,KEYSBROOK (DELBORELLO),D,269,4,177,2.7,61.2,26,3.6,0.2
1990,KEYSBROOK (DELBORELLO),D,276,4,36,0.4,7.1,30,40.6,9.1
1990,KEYSBROOK (DELBORELLO),D,283,4,11.5,0.4,4,14.9,85.2,40.8
1990,KEYSBROOK (DELBORELLO),D,290,4,0,0.3,5.8,11.7,25.6,36.4
1990,KEYSBROOK (DELBORELLO),D,297,4,0,0,0,0,0.3,1
1990,KEYSBROOK (DELBORELLO),D,304,4,0,0,0,0,0.8,1.7
1990,KEYSBROOK (DELBORELLO),D,311,4,NA,0,0,0,0,0
1990,KEYSBROOK (DELBORELLO),D,318,4,NA,0,0,0,0,0
1990,KEYSBROOK (DELBORELLO),E,130,5,9.5,0,0.2,2.3,12.2,16.7
1990,KEYSBROOK (DELBORELLO),E,135,5,214.5,1.7,8.1,3.1,4.9,19.1
1990,KEYSBROOK (DELBORELLO),E,143,5,610.5,32.2,14.1,10.2,8.6,24
1990,KEYSBROOK (DELBORELLO),E,150,5,217,76.9,85.6,17.1,11.4,19.5
1990,KEYSBROOK (DELBORELLO),E,157,5,167.5,28,128.2,81.1,16.8,26.5
1990,KEYSBROOK (DELBORELLO),E,171,5,70.5,27.2,90.1,96.9,28.5,55.5
1990,KEYSBROOK (DELBORELLO),E,178,5,31.5,12.1,53.9,69.7,63.3,70.5
1990,KEYSBROOK (DELBORELLO),E,185,5,35.5,12,23.3,43.1,59.5,87.5
1990,KEYSBROOK (DELBORELLO),E,192,5,145.5,21.4,44.8,53.3,57,60.7
1990,KEYSBROOK (DELBORELLO),E,199,5,348,61.4,89.8,82.8,74.1,19.9
1990,KEYSBROOK (DELBORELLO),E,206,5,3,110.7,36.8,21.3,3.7,0.7
1990,KEYSBROOK (DELBORELLO),E,213,5,2.5,43.3,21.1,9.3,7.2,6.3
1990,KEYSBROOK (DELBORELLO),E,220,5,5.5,4.4,56.4,5.8,1.7,2.8
1990,KEYSBROOK (DELBORELLO),E,227,5,6.5,1.5,25.2,42.6,2.9,3.5
1990,KEYSBROOK (DELBORELLO),E,234,5,0.5,2.5,17.5,49.9,24.5,4.4
1990,KEYSBROOK (DELBORELLO),E,241,5,16.5,4.3,8.5,26.7,34.4,7.3
1990,KEYSBROOK (DELBORELLO),E,248,5,135.5,13.6,7,9.7,12.4,9
1990,KEYSBROOK (DELBORELLO),E,255,5,129.5,16.7,9.9,8,6.3,6.8
1990,KEYSBROOK (DELBORELLO),E,256,5,56.5,13.4,76.1,81.4,19.4,21.6
1990,KEYSBROOK (DELBORELLO),E,262,5,11,5.1,48.1,10.8,4.9,3
1990,KEYSBROOK (DELBORELLO),E,269,5,8.5,3.5,52.9,21.1,3.7,0.8
1990,KEYSBROOK (DELBORELLO),E,276,5,11,0.7,10.4,23.9,47.1,20.5
1990,KEYSBROOK (DELBORELLO),E,283,5,35.5,0.1,4.5,13.3,75.9,34.6
1990,KEYSBROOK (DELBORELLO),E,290,5,0,0.3,2.8,6.5,13.3,23.9
1990,KEYSBROOK (DELBORELLO),E,297,5,0,0,0,0.4,0.6,4.3
1990,KEYSBROOK (DELBORELLO),E,304,5,0,0,0,0,0.2,0.5
1990,KEYSBROOK (DELBORELLO),E,311,5,NA,0,0,0,0,0
1990,KEYSBROOK (DELBORELLO),E,318,5,NA,0,0,0,0,0
1990,KEYSBROOK (DELBORELLO),F,130,6,109.5,0.1,0.5,2.3,8.5,22.1
1990,KEYSBROOK (DELBORELLO),F,135,6,88,0.8,1.1,1.3,2,23
1990,KEYSBROOK (DELBORELLO),F,143,6,741.5,42.44444444444444,17.11111111111111,8.444444444444445,3.7777777777777777,18.3
1990,KEYSBROOK (DELBORELLO),F,150,6,283.5,39.8,51,13.9,6.5,16.1
1990,KEYSBROOK (DELBORELLO),F,157,6,179.5,29.2,84.6,41.6,11.4,25.2
1990,KEYSBROOK (DELBORELLO),F,171,6,89,28.3,58.5,52,51.2,72.6
1990,KEYSBROOK (DELBORELLO),F,178,6,212.5,10.7,26.7,31.6,59.8,102.9
1990,KEYSBROOK (DELBORELLO),F,185,6,304.5,3.3,30.9,48.4,52.3,34.5
1990,KEYSBROOK (DELBORELLO),F,192,6,223.5,29.2,62.6,47,38.8,42.1
1990,KEYSBROOK (DELBORELLO),F,199,6,129.5,150.6,58.4,72.1,24.2,8.3
1990,KEYSBROOK (DELBORELLO),F,206,6,56.5,98.7,35.2,38,5.6,1.1
1990,KEYSBROOK (DELBORELLO),F,213,6,4.5,23.3,13,8.3,3.5,3.1
1990,KEYSBROOK (DELBORELLO),F,220,6,7.5,3.1,40.9,4.7,1.5,3.4
1990,KEYSBROOK (DELBORELLO),F,227,6,34.5,0.5,19.6,27.4,2.5,4.5
1990,KEYSBROOK (DELBORELLO),F,234,6,2.5,3.6,15.7,33.6,18.6,5.8
1990,KEYSBROOK (DELBORELLO),F,241,6,4.5,2.8,2.4,17.5,23.2,6.5
1990,KEYSBROOK (DELBORELLO),F,248,6,65.5,10.9,14.4,8.2,9.4,14.3
1990,KEYSBROOK (DELBORELLO),F,255,6,132,20.9,14.7,8.4,7,5.8
1990,KEYSBROOK (DELBORELLO),F,256,6,191.5,22.7,20.7,16.7,16.9,14.8
1990,KEYSBROOK (DELBORELLO),F,262,6,27.5,1.5,21.3,3.4,2.2,2.9
1990,KEYSBROOK (DELBORELLO),F,269,6,0.5,1.3,19.7,14.8,3.5,2.3
1990,KEYSBROOK (DELBORELLO),F,276,6,94.5,0.9,18.2,34,52.5,36
1990,KEYSBROOK (DELBORELLO),F,283,6,2,0,1.1,4.2,31.7,32.7
1990,KEYSBROOK (DELBORELLO),F,290,6,0,0,0.4,2.2,9.3,41.7
1990,KEYSBROOK (DELBORELLO),F,297,6,0,0,0,0,0.1,0.7
1990,KEYSBROOK (DELBORELLO),F,304,6,0,0,0.6,2.5,3.1,10.8
1990,KEYSBROOK (DELBORELLO),F,311,6,NA,0,0,0,0,0
1990,KEYSBROOK (DELBORELLO),F,318,6,NA,0,0,0,0,0.1
1990,KEYSBROOK (DELBORELLO),G,130,7,41.5,0.3,0.7,4.3,9.3,14.2
1990,KEYSBROOK (DELBORELLO),G,135,7,640,1.3,1.8,2.8,5.7,35.7
1990,KEYSBROOK (DELBORELLO),G,143,7,430.5,36.3,8.8,6.8,2.8,17.7
1990,KEYSBROOK (DELBORELLO),G,150,7,469.5,55.8,74.1,17.6,11.7,23.1
1990,KEYSBROOK (DELBORELLO),G,157,7,328.5,35.4,146.6,68.6,15,30.6
1990,KEYSBROOK (DELBORELLO),G,171,7,110.5,48.7,103.9,79.2,58.7,88.3
1990,KEYSBROOK (DELBORELLO),G,178,7,253,18.9,36.4,57.5,65.5,105.3
1990,KEYSBROOK (DELBORELLO),G,185,7,135.5,3.4,24.3,46.7,61.1,56.9
1990,KEYSBROOK (DELBORELLO),G,192,7,281.5,35.3,54.6,45.5,46.6,35.3
1990,KEYSBROOK (DELBORELLO),G,199,7,72,90.8,51.2,76.4,33.2,16.8
1990,KEYSBROOK (DELBORELLO),G,206,7,0.5,63.7,31.5,25.8,5.8,1.6
1990,KEYSBROOK (DELBORELLO),G,213,7,41,33.5,25.6,10.7,8,6.6
1990,KEYSBROOK (DELBORELLO),G,220,7,7,3.1,51.2,6.8,3.1,8.9
1990,KEYSBROOK (DELBORELLO),G,227,7,26,1.2,11.1,15.3,1.4,1.8
1990,KEYSBROOK (DELBORELLO),G,234,7,13.5,2.1,10.4,36.2,18.8,4.9
1990,KEYSBROOK (DELBORELLO),G,241,7,389,6,9.8,27.6,38,9.9
1990,KEYSBROOK (DELBORELLO),G,248,7,7.5,5.4,8.3,4,5.5,9.9
1990,KEYSBROOK (DELBORELLO),G,255,7,98,17.8,16.1,7.1,5.6,4.3
1990,KEYSBROOK (DELBORELLO),G,256,7,234.5,55.2,104.7,74.9,54.1,37.6
1990,KEYSBROOK (DELBORELLO),G,262,7,18.5,6.1,71.4,10.1,9.5,7.6
1990,KEYSBROOK (DELBORELLO),G,269,7,38,1.9,29.7,26.1,11,5.6
1990,KEYSBROOK (DELBORELLO),G,276,7,118,0.2,10.2,26.7,55,18.7
1990,KEYSBROOK (DELBORELLO),G,283,7,28,0.7,8.1,19.9,84.3,80.5
1990,KEYSBROOK (DELBORELLO),G,290,7,2.5,0.2,1.3,6.2,21.9,51
1990,KEYSBROOK (DELBORELLO),G,297,7,0,0,0.4,0.8,3.5,9.6
1990,KEYSBROOK (DELBORELLO),G,304,7,0,0,0.3,0.5,2.3,7.6
1990,KEYSBROOK (DELBORELLO),G,311,7,NA,0,0,0,0,1
1990,KEYSBROOK (DELBORELLO),G,318,7,NA,0,0,0,0,0
1990,KEYSBROOK (DELBORELLO),H,130,8,36.5,0.2,1,3.6,7.3,6.4
1990,KEYSBROOK (DELBORELLO),H,135,8,157.5,0.2,0.9,1.9,2.4,16.9
1990,KEYSBROOK (DELBORELLO),H,143,8,179.5,14.5,4.1,4.5,3.5,21.1
1990,KEYSBROOK (DELBORELLO),H,150,8,132.5,85.6,78.9,19.9,11.3,28.8
1990,KEYSBROOK (DELBORELLO),H,157,8,172.5,36.6,110.2,58.5,19.7,32.3
1990,KEYSBROOK (DELBORELLO),H,171,8,126.5,33.2,87.8,56,34.3,40.2
1990,KEYSBROOK (DELBORELLO),H,178,8,44.5,8.9,32.2,43.9,53.7,72.9
1990,KEYSBROOK (DELBORELLO),H,185,8,22,6.3,24.7,35.9,43.7,21.1
1990,KEYSBROOK (DELBORELLO),H,192,8,466,22.2,55,38.1,45.3,34.9
1990,KEYSBROOK (DELBORELLO),H,199,8,93,53.2,56.4,64,13.4,4.9
1990,KEYSBROOK (DELBORELLO),H,206,8,16,61.2,30.3,22.2,3.4,0.8
1990,KEYSBROOK (DELBORELLO),H,213,8,6,38.7,41.1,12.3,11.5,4.9
1990,KEYSBROOK (DELBORELLO),H,220,8,4,3.9,42.3,6.1,2.5,2.5
1990,KEYSBROOK (DELBORELLO),H,227,8,5.5,1.1,17.5,22.4,2,1.5
1990,KEYSBROOK (DELBORELLO),H,234,8,4.5,2.6,12,27.7,14.8,1.7
1990,KEYSBROOK (DELBORELLO),H,241,8,87,4.6,4.9,14.7,22.2,6.2
1990,KEYSBROOK (DELBORELLO),H,248,8,67.5,3.2,3.2,6,5,16.2
1990,KEYSBROOK (DELBORELLO),H,255,8,95.5,26,22.4,9.5,5,4.6
1990,KEYSBROOK (DELBORELLO),H,256,8,134,27.1,67.3,48,30.8,18.3
1990,KEYSBROOK (DELBORELLO),H,262,8,53,2,28.4,5.4,3.6,4.3
1990,KEYSBROOK (DELBORELLO),H,269,8,6.5,0.9,21.7,36.6,12.9,4.6
1990,KEYSBROOK (DELBORELLO),H,276,8,64.5,1.1,13.5,23.9,20.7,31.5
1990,KEYSBROOK (DELBORELLO),H,283,8,1.5,0,2,3.2,14.3,29.9
1990,KEYSBROOK (DELBORELLO),H,290,8,5.5,0.8,4.5,11.9,25.9,69.2
1990,KEYSBROOK (DELBORELLO),H,297,8,0,0,0.2,0.4,2,7.1
1990,KEYSBROOK (DELBORELLO),H,304,8,0,0,0.1,0.3,1.9,13.3
1990,KEYSBROOK (DELBORELLO),H,311,8,NA,0,0,0,0,0
1990,KEYSBROOK (DELBORELLO),H,318,8,NA,0,0,0,0,0
1990,KEYSBROOK (DELBORELLO),I,130,9,60.5,0.3,1.3,4.9,18.7,7.1
1990,KEYSBROOK (DELBORELLO),I,135,9,199,0.9,2.9,1.9,2.2,25
1990,KEYSBROOK (DELBORELLO),I,143,9,361,36.2,20.4,4.9,2.9,23.1
1990,KEYSBROOK (DELBORELLO),I,150,9,90,71.2,62.9,22.3,7.1,20.5
1990,KEYSBROOK (DELBORELLO),I,157,9,153.5,36.2,151.6,99.5,25.6,40.4
1990,KEYSBROOK (DELBORELLO),I,171,9,167,52.3,118.6,100,68.8,78.2
1990,KEYSBROOK (DELBORELLO),I,178,9,266,22.7,35.8,40.1,38.5,54.1
1990,KEYSBROOK (DELBORELLO),I,185,9,35,3.1,24.8,42.3,44.6,36.6
1990,KEYSBROOK (DELBORELLO),I,192,9,396,14.7,45.7,40.9,38.7,24.9
1990,KEYSBROOK (DELBORELLO),I,199,9,93,56.1,57.7,69.7,22.5,8.9
1990,KEYSBROOK (DELBORELLO),I,206,9,6.5,63.1,38.6,10.4,2.2,0.3
1990,KEYSBROOK (DELBORELLO),I,213,9,8,26.8,25.8,6.2,4.7,4
1990,KEYSBROOK (DELBORELLO),I,220,9,6.5,3.8,49.7,20.3,8.4,7
1990,KEYSBROOK (DELBORELLO),I,227,9,0,0.8,21.1,16.3,1.2,2.4
1990,KEYSBROOK (DELBORELLO),I,234,9,23.5,3.7777777777777777,6.111111111111111,16.333333333333332,18.77777777777778,4
1990,KEYSBROOK (DELBORELLO),I,241,9,12,5.3,3.9,13.1,24,5.7
1990,KEYSBROOK (DELBORELLO),I,248,9,28,2.3,3.3,2.1,2.6,9.6
1990,KEYSBROOK (DELBORELLO),I,255,9,95,15.3,12.4,8.5,4.5,3.5
1990,KEYSBROOK (DELBORELLO),I,256,9,303.6666666666667,20,96.9,82.1,42.4,28.8
1990,KEYSBROOK (DELBORELLO),I,262,9,6.5,3.6,31.4,4.3,2,2.2
1990,KEYSBROOK (DELBORELLO),I,269,9,5,2.8,20,29,23.3,11.7
1990,KEYSBROOK (DELBORELLO),I,276,9,0.5,0.7,4.9,14.9,30.4,40
1990,KEYSBROOK (DELBORELLO),I,283,9,60.5,1.7,9.4,12.3,34.2,39.3
1990,KEYSBROOK (DELBORELLO),I,290,9,0,1.1,2.4,1.8,10.2,32.7
1990,KEYSBROOK (DELBORELLO),I,297,9,0,0,0.5,1.2,2.1,9.2
1990,KEYSBROOK (DELBORELLO),I,304,9,0,0,0.1,0.8,2.6,12.5
1990,KEYSBROOK (DELBORELLO),I,311,9,NA,0,0,0,0,0.3
1990,KEYSBROOK (DELBORELLO),I,318,9,NA,0,0,0,0,1.5
1990,KEYSBROOK (DELBORELLO),J,130,10,3.5,0.1,1.4,6.2,9.4,4.7
1990,KEYSBROOK (DELBORELLO),J,135,10,264.5,2.1,2.4,3,7,15.9
1990,KEYSBROOK (DELBORELLO),J,143,10,304,19.5,9,4.8,5.4,28.8
1990,KEYSBROOK (DELBORELLO),J,150,10,341.5,53.4,64.4,18.3,6.5,26.3
1990,KEYSBROOK (DELBORELLO),J,157,10,246.5,50.9,156.4,67.1,11.5,27.7
1990,KEYSBROOK (DELBORELLO),J,171,10,145,30.8,30.8,30.8,16.1,13
1990,KEYSBROOK (DELBORELLO),J,178,10,28,40.8,49.4,45.5,26.6,19.6
1990,KEYSBROOK (DELBORELLO),J,185,10,619.5,3.9,11.4,21.9,25.3,36.7
1990,KEYSBROOK (DELBORELLO),J,192,10,138.5,11.6,51.6,44.3,38,15.7
1990,KEYSBROOK (DELBORELLO),J,199,10,2.5,56.1,58.5,61.7,16.8,8.9
1990,KEYSBROOK (DELBORELLO),J,206,10,77,61.3,31.5,12.7,2.3,0.6
1990,KEYSBROOK (DELBORELLO),J,213,10,0,37.8,22.8,9.9,3,2.6
1990,KEYSBROOK (DELBORELLO),J,220,10,1.5,3.8,35.3,9.7,5.1,2.5
1990,KEYSBROOK (DELBORELLO),J,227,10,0,0,3.8,26,16.8,5.2
1990,KEYSBROOK (DELBORELLO),J,234,10,14,1.9,8.8,20.8,22.6,2.2
1990,KEYSBROOK (DELBORELLO),J,241,10,22,2.3,2.7,8.9,16.9,3.2
1990,KEYSBROOK (DELBORELLO),J,248,10,49.5,1.4,5,2.3,3.1,9.1
1990,KEYSBROOK (DELBORELLO),J,255,10,34,11,7.9,5.2,3.3,4.6
1990,KEYSBROOK (DELBORELLO),J,256,10,31,39.8,96.1,56.1,55.7,31.2
1990,KEYSBROOK (DELBORELLO),J,262,10,0,1,23.3,5,0.9,2
1990,KEYSBROOK (DELBORELLO),J,269,10,13.5,2.5,9.9,17.7,25.9,21
1990,KEYSBROOK (DELBORELLO),J,276,10,0,0.6,6.9,12.6,17.9,22
1990,KEYSBROOK (DELBORELLO),J,283,10,5.5,0.6,6.7,9.4,26.3,38.4
1990,KEYSBROOK (DELBORELLO),J,290,10,0,0.5,2.4,4.1,9.5,16.7
1990,KEYSBROOK (DELBORELLO),J,297,10,0,0,1.7,2.6,3.4,10.9
1990,KEYSBROOK (DELBORELLO),J,304,10,0,0,0,0.1,1.4,9.6
1990,KEYSBROOK (DELBORELLO),J,311,10,NA,0,0,0,0.1,1.6
1990,KEYSBROOK (DELBORELLO),J,318,10,NA,0,0,0,0,0
1991,KEYSBROOK (DELBORELLO),A,142,11,NA,3.6,2.1,1.1,0,0
1991,KEYSBROOK (DELBORELLO),A,149,11,NA,3.6,6.5,0.2,0,0.3
1991,KEYSBROOK (DELBORELLO),A,156,11,0,0.5,3.7,9,1,0.8
1991,KEYSBROOK (DELBORELLO),A,163,11,0,0.6,3.9,3.8,11.9,13.4
1991,KEYSBROOK (DELBORELLO),A,170,11,57.5,1.5,1.3,8.4,11.5,34.4
1991,KEYSBROOK (DELBORELLO),A,177,11,387.5,15.9,3.5,0.8,0.7,41.5
1991,KEYSBROOK (DELBORELLO),A,184,11,42.5,47.8,28.4,2.8,3.7,27.3
1991,KEYSBROOK (DELBORELLO),A,191,11,55.5,44.1,66.6,17,2.1,12.2
1991,KEYSBROOK (DELBORELLO),A,198,11,37.5,14.8,115.6,45.9,12.2,4
1991,KEYSBROOK (DELBORELLO),A,205,11,113,31.5,96.9,73.3,16.4,4.1
1991,KEYSBROOK (DELBORELLO),A,212,11,37,13.3,98.6,64.4,37,14.4
1991,KEYSBROOK (DELBORELLO),A,219,11,19.5,1.3,27.5,20.1,17.5,14.3
1991,KEYSBROOK (DELBORELLO),A,226,11,152.5,8.6,19.4,15.1,11.2,12
1991,KEYSBROOK (DELBORELLO),A,233,11,278,23.4,60.6,30.2,10,4.8
1991,KEYSBROOK (DELBORELLO),A,240,11,7,96.8,99.2,21.2,5,2.2
1991,KEYSBROOK (DELBORELLO),A,247,11,11,69.4,202.5,42.2,18,3.1
1991,KEYSBROOK (DELBORELLO),A,261,11,22.5,16.7,23,33.6,41.5,17.7
1991,KEYSBROOK (DELBORELLO),A,268,11,838.5,18.4,21.3,10.9,32.8,65.3
1991,KEYSBROOK (DELBORELLO),A,275,11,72,54.8,105.9,43.2,26.8,28.3
1991,KEYSBROOK (DELBORELLO),A,282,11,8.5,9.4,26.5,8.8,4.5,4.8
1991,KEYSBROOK (DELBORELLO),A,290,11,0.5,0,3.5,19.9,18.1,16.6
1991,KEYSBROOK (DELBORELLO),A,296,11,0,0,13.3,112.2,149.4,65.1
1991,KEYSBROOK (DELBORELLO),A,303,11,0,0,0,0,0.1,0.2
1991,KEYSBROOK (DELBORELLO),A,310,11,NA,0,0,2.2,9.8,19.2
1991,KEYSBROOK (DELBORELLO),A,317,11,NA,0,0,0.1,0.9,6.1
1991,KEYSBROOK (DELBORELLO),A,324,11,NA,0,0,0,0,0
1991,KEYSBROOK (DELBORELLO),A,331,11,NA,0,0,0,0,0
1991,KEYSBROOK (DELBORELLO),A,338,11,NA,0,0,0,0,0
1991,KEYSBROOK (DELBORELLO),B,142,12,NA,1.5,1.8,0.7,0.1,0
1991,KEYSBROOK (DELBORELLO),B,149,12,NA,8.5,29.6,0.9,0,0.3
1991,KEYSBROOK (DELBORELLO),B,156,12,0,4.9,12.7,18,2.4,1.6
1991,KEYSBROOK (DELBORELLO),B,163,12,0,0.9,10.9,5.4,12.9,9.8
1991,KEYSBROOK (DELBORELLO),B,170,12,135.5,0.8,2.1,8.2,10,26.6
1991,KEYSBROOK (DELBORELLO),B,177,12,358,33.4,5.9,0.6,0,36.6
1991,KEYSBROOK (DELBORELLO),B,184,12,142.5,44.6,25.8,2.9,17.6,30.1
1991,KEYSBROOK (DELBORELLO),B,191,12,276,63.8,77,15.8,4.5,22.9
1991,KEYSBROOK (DELBORELLO),B,198,12,175.5,24,95.4,22,4.1,2.7
1991,KEYSBROOK (DELBORELLO),B,205,12,34,35.8,80.4,69.4,17.1,3.4
1991,KEYSBROOK (DELBORELLO),B,212,12,10.5,6.5,39.3,15,11.1,8.5
1991,KEYSBROOK (DELBORELLO),B,219,12,85.5,3.9,31.4,20.2,14,7.6
1991,KEYSBROOK (DELBORELLO),B,226,12,213.5,5.9,16.7,24,19.3,10.6
1991,KEYSBROOK (DELBORELLO),B,233,12,115.5,31.5,57.7,26,9.1,2.8
1991,KEYSBROOK (DELBORELLO),B,240,12,37.5,144.4,92.6,20.3,6.8,3.3
1991,KEYSBROOK (DELBORELLO),B,247,12,10.5,67.9,172.4,35.9,7.3,1.9
1991,KEYSBROOK (DELBORELLO),B,261,12,92,27.3,24.4,11.7,11.3,5.1
1991,KEYSBROOK (DELBORELLO),B,268,12,434,14.6,26.2,13.8,18.5,28.9
1991,KEYSBROOK (DELBORELLO),B,275,12,41,32.5,88.8,48.1,36.3,35.9
1991,KEYSBROOK (DELBORELLO),B,282,12,96.5,35.4,94.3,31.1,30.4,12.6
1991,KEYSBROOK (DELBORELLO),B,290,12,0.5,0.2,31.4,77.3,23,16.5
1991,KEYSBROOK (DELBORELLO),B,296,12,1.5,0.5,28.8,145.8,194.2,86.6
1991,KEYSBROOK (DELBORELLO),B,303,12,0,0,0.4,3.4,12.4,14.3
1991,KEYSBROOK (DELBORELLO),B,310,12,NA,0,0,2.6,15.9,25.8
1991,KEYSBROOK (DELBORELLO),B,317,12,NA,0,0,0,0.4,1.6
1991,KEYSBROOK (DELBORELLO),B,324,12,NA,0,0,0,0,0
1991,KEYSBROOK (DELBORELLO),B,331,12,NA,0,0,0,0,0
1991,KEYSBROOK (DELBORELLO),B,338,12,NA,0,0,0,0,0
1991,KEYSBROOK (DELBORELLO),C,142,13,NA,1,1.3,0.6,0.1,0
1991,KEYSBROOK (DELBORELLO),C,149,13,NA,4.1,14.9,0.4,0.2,0
1991,KEYSBROOK (DELBORELLO),C,156,13,0,1.7,5.8,12.6,1.7,1
1991,KEYSBROOK (DELBORELLO),C,163,13,9.5,0.3,2.4,2.7,9.3,9.9
1991,KEYSBROOK (DELBORELLO),C,170,13,174,1.8,0.3,2.5,6.4,27.2
1991,KEYSBROOK (DELBORELLO),C,177,13,423,42.9,11.6,1.9,0.1,54
1991,KEYSBROOK (DELBORELLO),C,184,13,56,44.6,29.6,5,12.1,32.4
1991,KEYSBROOK (DELBORELLO),C,191,13,69,51.3,78.2,11.8,2.7,11.2
1991,KEYSBROOK (DELBORELLO),C,198,13,69,47.8,138.7,30.6,2.9,1.5
1991,KEYSBROOK (DELBORELLO),C,205,13,25,22.7,72.8,62.1,22.3,3.9
1991,KEYSBROOK (DELBORELLO),C,212,13,9.5,4.5,64.7,57.1,43.3,20.5
1991,KEYSBROOK (DELBORELLO),C,219,13,74,2.1,20.1,29.6,33.1,10
1991,KEYSBROOK (DELBORELLO),C,226,13,86.5,4.8,18.2,22.8,12.1,5.2
1991,KEYSBROOK (DELBORELLO),C,233,13,42,77.6,81.5,19.2,8.3,3.6
1991,KEYSBROOK (DELBORELLO),C,240,13,7.5,111.5,74.2,15.7,2.4,2.8
1991,KEYSBROOK (DELBORELLO),C,247,13,3,21.3,88.2,32.2,8.8,1.3
1991,KEYSBROOK (DELBORELLO),C,261,13,44.5,4.5,9,20.1,23.7,7.5
1991,KEYSBROOK (DELBORELLO),C,268,13,36.5,2.6,17.7,9.6,11.7,16.5
1991,KEYSBROOK (DELBORELLO),C,275,13,82,24.7,66.5,24.5,24.9,19.6
1991,KEYSBROOK (DELBORELLO),C,282,13,191,19.2,68.6,42.1,39.4,51.4
1991,KEYSBROOK (DELBORELLO),C,290,13,17.5,1.5,38.3,57.3,23,20.7
1991,KEYSBROOK (DELBORELLO),C,296,13,7.5,0.9,36.5,81.2,87.3,57.5
1991,KEYSBROOK (DELBORELLO),C,303,13,0,0,4.9,44.9,154,133.3
1991,KEYSBROOK (DELBORELLO),C,310,13,NA,0,0,1.6,9.7,16.9
1991,KEYSBROOK (DELBORELLO),C,317,13,NA,0,0,0,0,0.4
1991,KEYSBROOK (DELBORELLO),C,324,13,NA,0,0,0,0,0.2
1991,KEYSBROOK (DELBORELLO),C,331,13,NA,0,0,0,0,0
1991,KEYSBROOK (DELBORELLO),C,338,13,NA,0,0,0,0,0
1991,KEYSBROOK (DELBORELLO),D,142,14,NA,0.7,0.7,0.8,0,0
1991,KEYSBROOK (DELBORELLO),D,149,14,NA,3.1,9.7,0.6,0.1,0.7
1991,KEYSBROOK (DELBORELLO),D,156,14,0,3.8,8.7,15.2,1.9,0.6
1991,KEYSBROOK (DELBORELLO),D,163,14,0,0.4,4.4,5.8,22,14.1
1991,KEYSBROOK (DELBORELLO),D,170,14,434.5,1.4,1.4,5.3,9.2,47.9
1991,KEYSBROOK (DELBORELLO),D,177,14,343,48.1,15.6,1.8,0.1,51.8
1991,KEYSBROOK (DELBORELLO),D,184,14,171.5,68.2,42.6,3.2,8.8,21.1
1991,KEYSBROOK (DELBORELLO),D,191,14,164,52,93.1,16.4,3.2,12
1991,KEYSBROOK (DELBORELLO),D,198,14,59.5,24.5,157.3,50.8,4.8,1.6
1991,KEYSBROOK (DELBORELLO),D,205,14,6,57.7,121.5,64.7,11.9,2
1991,KEYSBROOK (DELBORELLO),D,212,14,5,2.2,27,53.2,35.7,10.4
1991,KEYSBROOK (DELBORELLO),D,219,14,31.5,2.8,19.6,36.2,34.2,8.9
1991,KEYSBROOK (DELBORELLO),D,226,14,20.5,3.3,7,12,15.8,9.8
1991,KEYSBROOK (DELBORELLO),D,233,14,56.5,73.3,64.2,16.4,5.8,3.4
1991,KEYSBROOK (DELBORELLO),D,240,14,99,57.9,63.1,20.1,4.9,5
1991,KEYSBROOK (DELBORELLO),D,247,14,6,37.9,127.6,45.4,15.1,2.4
1991,KEYSBROOK (DELBORELLO),D,261,14,27.5,5.2,10.6,12.1,14.7,4.1
1991,KEYSBROOK (DELBORELLO),D,268,14,150.5,9.9,26,14.8,16.7,13.7
1991,KEYSBROOK (DELBORELLO),D,275,14,37.5,5.9,27.2,20.9,11.5,9.7
1991,KEYSBROOK (DELBORELLO),D,282,14,97,21,69.3,33.8,26.9,35.1
1991,KEYSBROOK (DELBORELLO),D,290,14,38,4.7,38.3,86.2,37.4,38.7
1991,KEYSBROOK (DELBORELLO),D,296,14,18,0.4,19.1,47.2,50.1,30.4
1991,KEYSBROOK (DELBORELLO),D,303,14,0,0,2.1,8.7,13.3,19.6
1991,KEYSBROOK (DELBORELLO),D,310,14,NA,0,0,1.4,3.9,10.1
1991,KEYSBROOK (DELBORELLO),D,317,14,NA,0,0,2.6,3.3,41.8
1991,KEYSBROOK (DELBORELLO),D,324,14,NA,0,0,0,0,0
1991,KEYSBROOK (DELBORELLO),D,331,14,NA,0,0,0,0,0
1991,KEYSBROOK (DELBORELLO),D,338,14,NA,0,0,0,0,0
1991,KEYSBROOK (DELBORELLO),E,142,15,NA,1.1,0.6,0.2,0,0
1991,KEYSBROOK (DELBORELLO),E,149,15,NA,1.7,14.8,0.1,0,0.5
1991,KEYSBROOK (DELBORELLO),E,156,15,0,1,3.8,6.4,2.1,1.5
1991,KEYSBROOK (DELBORELLO),E,163,15,0,0.4,3.2,5.9,24.3,13.1
1991,KEYSBROOK (DELBORELLO),E,170,15,12.5,1.7,1.3,7.1,9.8,62.1
1991,KEYSBROOK (DELBORELLO),E,177,15,334,50.1,18.7,2.5,0.3,65.6
1991,KEYSBROOK (DELBORELLO),E,184,15,512.5,59.6,38.2,3.4,5.5,16.3
1991,KEYSBROOK (DELBORELLO),E,191,15,426,81.4,95.3,8.2,3,11.6
1991,KEYSBROOK (DELBORELLO),E,198,15,110,25.9,138,70.1,9.3,2
1991,KEYSBROOK (DELBORELLO),E,205,15,5.5,38.3,120.5,67.5,10.7,1.9
1991,KEYSBROOK (DELBORELLO),E,212,15,7.5,0.4,43.7,51.4,27.9,7.7
1991,KEYSBROOK (DELBORELLO),E,219,15,22.5,0.9,3.5,7.8,8.3,2.8
1991,KEYSBROOK (DELBORELLO),E,226,15,14.5,9.5,12.3,9.3,5.8,5.9
1991,KEYSBROOK (DELBORELLO),E,233,15,35,19.2,37,11,4.6,2
1991,KEYSBROOK (DELBORELLO),E,240,15,3.5,49.8,48.3,13.9,5.4,4.8
1991,KEYSBROOK (DELBORELLO),E,247,15,64,27.8,148.7,51.7,19.4,2.6
1991,KEYSBROOK (DELBORELLO),E,261,15,36.5,4.5,12.6,19.4,25.2,6.2
1991,KEYSBROOK (DELBORELLO),E,268,15,22.5,8.1,24.9,12,10.2,10.3
1991,KEYSBROOK (DELBORELLO),E,275,15,131,20.2,54.3,35.8,17.8,9.5
1991,KEYSBROOK (DELBORELLO),E,282,15,108.5,3.5,29.7,19.7,24.1,13.4
1991,KEYSBROOK (DELBORELLO),E,290,15,7.5,1.9,21.9,66.1,39.5,38.2
1991,KEYSBROOK (DELBORELLO),E,296,15,3,0.5,14.9,40.8,59.2,45.3
1991,KEYSBROOK (DELBORELLO),E,303,15,1,0,3.1,13.3,16.4,20.4
1991,KEYSBROOK (DELBORELLO),E,310,15,NA,0,1.1,14,32.1,40.2
1991,KEYSBROOK (DELBORELLO),E,317,15,NA,0,0,0.7,1.5,17.5
1991,KEYSBROOK (DELBORELLO),E,324,15,NA,0,0.1,0,1.1,3.8
1991,KEYSBROOK (DELBORELLO),E,331,15,NA,0,0,0,0,0
1991,KEYSBROOK (DELBORELLO),E,338,15,NA,0,0,0,0,0
1991,KEYSBROOK (DELBORELLO),F,142,16,NA,0.8,0.9,0,0,0
1991,KEYSBROOK (DELBORELLO),F,149,16,NA,11.3,38.7,1.2,0.3,0.1
1991,KEYSBROOK (DELBORELLO),F,156,16,0,11.1,31.5,19.3,1.2,0.5
1991,KEYSBROOK (DELBORELLO),F,163,16,13.5,0.8,5.5,7.3,22.7,11.3
1991,KEYSBROOK (DELBORELLO),F,170,16,65.5,1,1,9,11.5,72.9
1991,KEYSBROOK (DELBORELLO),F,177,16,339.5,36.1,14.7,2.2,0.3,49.4
1991,KEYSBROOK (DELBORELLO),F,184,16,146.5,46.7,31.4,1.1,7.4,21.6
1991,KEYSBROOK (DELBORELLO),F,191,16,355.5,77.2,128.4,9.3,3,14.9
1991,KEYSBROOK (DELBORELLO),F,198,16,83,28.2,138.9,57.7,8.3,5.7
1991,KEYSBROOK (DELBORELLO),F,205,16,23,62.1,95.1,39.8,13.2,3.7
1991,KEYSBROOK (DELBORELLO),F,212,16,4.5,0.6,18.5,23.2,23.3,15.2
1991,KEYSBROOK (DELBORELLO),F,219,16,67,0.5,21.8,26.3,24.5,7.5
1991,KEYSBROOK (DELBORELLO),F,226,16,11.5,2.5,7.2,5.9,8.5,5.1
1991,KEYSBROOK (DELBORELLO),F,233,16,132,38.8,64.3,16.6,6.8,3.4
1991,KEYSBROOK (DELBORELLO),F,240,16,36.5,45,58.1,19.6,4.7,4.1
1991,KEYSBROOK (DELBORELLO),F,247,16,4,24.4,120.8,36.7,11.2,2.5
1991,KEYSBROOK (DELBORELLO),F,261,16,6.5,4.2,8.4,9.6,7,3.2
1991,KEYSBROOK (DELBORELLO),F,268,16,226,15.6,37.9,12.9,15.9,19.8
1991,KEYSBROOK (DELBORELLO),F,275,16,68.5,19.3,64.1,36.1,14.2,11.6
1991,KEYSBROOK (DELBORELLO),F,282,16,29,4.7,52.9,38.4,31.9,25.4
1991,KEYSBROOK (DELBORELLO),F,290,16,12.5,3.2,32,70.9,38.7,27.1
1991,KEYSBROOK (DELBORELLO),F,296,16,38,7,57.5,130.2,150.5,47.3
1991,KEYSBROOK (DELBORELLO),F,303,16,0,0,3,25.4,58.1,18.8
1991,KEYSBROOK (DELBORELLO),F,310,16,NA,0,0.2,9.4,43.5,78.8
1991,KEYSBROOK (DELBORELLO),F,317,16,NA,0,0.1,0.2,0.7,8.7
1991,KEYSBROOK (DELBORELLO),F,324,16,NA,0,0,0,0,0
1991,KEYSBROOK (DELBORELLO),F,331,16,NA,0,0,0,0,0
1991,KEYSBROOK (DELBORELLO),F,338,16,NA,0,0,0,0,0
1991,KEYSBROOK (DELBORELLO),G,142,17,NA,2.1,1,0.1,0,0
1991,KEYSBROOK (DELBORELLO),G,149,17,NA,1.3,15.8,0,0,0.1
1991,KEYSBROOK (DELBORELLO),G,156,17,0,4.7,6.9,14.7,1.8,0.6
1991,KEYSBROOK (DELBORELLO),G,163,17,9,0.1,8.2,12.2,32.1,7.9
1991,KEYSBROOK (DELBORELLO),G,170,17,57.5,0.7,1.1,9.4,6.2,33.2
1991,KEYSBROOK (DELBORELLO),G,177,17,355.5,56.3,20.3,1.9,0.2,47.2
1991,KEYSBROOK (DELBORELLO),G,184,17,194,29.5,24.9,0.9,7,17.5
1991,KEYSBROOK (DELBORELLO),G,191,17,7,76.1,137.7,14.5,4.3,20
1991,KEYSBROOK (DELBORELLO),G,198,17,117.5,28.4,106.9,48.2,7.3,5.3
1991,KEYSBROOK (DELBORELLO),G,205,17,13,43.4,110.1,61.5,13.1,2.6
1991,KEYSBROOK (DELBORELLO),G,212,17,68,4.4,68.7,37.3,23.4,11.4
1991,KEYSBROOK (DELBORELLO),G,219,17,47.5,0.3,10.9,14.8,14.6,5
1991,KEYSBROOK (DELBORELLO),G,226,17,3.5,4.3,20.4,25.2,14.5,5.3
1991,KEYSBROOK (DELBORELLO),G,233,17,52,18.7,43.1,16.7,9.6,5.6
1991,KEYSBROOK (DELBORELLO),G,240,17,0,34.2,49.9,23.2,6.4,3.9
1991,KEYSBROOK (DELBORELLO),G,247,17,6,23.8,140.9,31.4,10.6,2
1991,KEYSBROOK (DELBORELLO),G,261,17,3.5,4.7,8.4,16.1,13.1,2.8
1991,KEYSBROOK (DELBORELLO),G,268,17,23.5,3.3,21.4,7.4,5.3,8.1
1991,KEYSBROOK (DELBORELLO),G,275,17,285.5,17.3,70.4,42.8,27.5,23.1
1991,KEYSBROOK (DELBORELLO),G,282,17,6,13.3,59.2,35.4,41.8,30.9
1991,KEYSBROOK (DELBORELLO),G,290,17,34,7.6,108,126.4,52,51.4
1991,KEYSBROOK (DELBORELLO),G,296,17,3.5,2.7,28.9,51.6,49.5,16.8
1991,KEYSBROOK (DELBORELLO),G,303,17,0,0,5.4,39.1,96.1,57.9
1991,KEYSBROOK (DELBORELLO),G,310,17,NA,0,1,8.7,23,24.4
1991,KEYSBROOK (DELBORELLO),G,317,17,NA,0,0,1.6,2,49.7
1991,KEYSBROOK (DELBORELLO),G,324,17,NA,0,0,0.1,0.6,1.2
1991,KEYSBROOK (DELBORELLO),G,331,17,NA,0,0,0,0,0
1991,KEYSBROOK (DELBORELLO),G,338,17,NA,0,0,0,0,0
1991,KEYSBROOK (DELBORELLO),H,142,18,NA,5.8,3.3,0.3,0.5,0
1991,KEYSBROOK (DELBORELLO),H,149,18,NA,3.2,50.2,1.4,0,0.2
1991,KEYSBROOK (DELBORELLO),H,156,18,0,10,22,26.8,1,1.4
1991,KEYSBROOK (DELBORELLO),H,163,18,45,0.9,14.6,17.3,31.9,14.7
1991,KEYSBROOK (DELBORELLO),H,170,18,14.5,1.3,2.9,12.6,20.3,64.4
1991,KEYSBROOK (DELBORELLO),H,177,18,118.5,29.7,19.5,3.8,0.7,42.2
1991,KEYSBROOK (DELBORELLO),H,184,18,75,54.2,46.6,3.9,4.7,17.5
1991,KEYSBROOK (DELBORELLO),H,191,18,118.5,43.7,99.4,6.5,2.2,11.2
1991,KEYSBROOK (DELBORELLO),H,198,18,48.5,23.1,105.5,30.8,5.6,4.1
1991,KEYSBROOK (DELBORELLO),H,205,18,5.5,20.5,66.4,33.2,7.4,0.9
1991,KEYSBROOK (DELBORELLO),H,212,18,8,0.8,30.6,33.8,18.7,7.3
1991,KEYSBROOK (DELBORELLO),H,219,18,36.5,0.1,1.7,4.8,4,1.4
1991,KEYSBROOK (DELBORELLO),H,226,18,9.5,2.5,12.1,9.8,5.5,3.1
1991,KEYSBROOK (DELBORELLO),H,233,18,261,19.1,34.6,8.6,5.3,1.7
1991,KEYSBROOK (DELBORELLO),H,240,18,40.5,11.1,13.1,8.8,3.9,2.5
1991,KEYSBROOK (DELBORELLO),H,247,18,3.5,14.8,53.7,18.8,9,2.8
1991,KEYSBROOK (DELBORELLO),H,261,18,29.5,11.6,17,18.5,19.2,7.4
1991,KEYSBROOK (DELBORELLO),H,268,18,4,1.4,13.9,2.6,3.7,2.3
1991,KEYSBROOK (DELBORELLO),H,275,18,184,9.9,38.2,35.7,16.3,8.3
1991,KEYSBROOK (DELBORELLO),H,282,18,3,5,27.4,14.7,16,11
1991,KEYSBROOK (DELBORELLO),H,290,18,6.5,10.1,80.2,87.2,32.7,18.3
1991,KEYSBROOK (DELBORELLO),H,296,18,6.5,5,49.1,85.2,83.3,30.1
1991,KEYSBROOK (DELBORELLO),H,303,18,0,0,2.9,13.8,9.3,9.5
1991,KEYSBROOK (DELBORELLO),H,310,18,NA,0,0.4,13.6,48.7,53.1
1991,KEYSBROOK (DELBORELLO),H,317,18,NA,0,0,3.6,2,56.1
1991,KEYSBROOK (DELBORELLO),H,324,18,NA,0,0,0,0,3.3
1991,KEYSBROOK (DELBORELLO),H,331,18,NA,0,0,0,0,0
1991,KEYSBROOK (DELBORELLO),H,338,18,NA,0,0,0,0,0
1991,KEYSBROOK (DELBORELLO),I,142,19,NA,0.3,0.2,0.2,0,0
1991,KEYSBROOK (DELBORELLO),I,149,19,NA,1.6,17.4,0.5,0,0.1
1991,KEYSBROOK (DELBORELLO),I,156,19,0,2.2,11.8,21.6,2,1.2
1991,KEYSBROOK (DELBORELLO),I,163,19,0,0.5,3,6.6,22.1,13.1
1991,KEYSBROOK (DELBORELLO),I,170,19,50,0.8,2.4,11.5,15.5,30.6
1991,KEYSBROOK (DELBORELLO),I,177,19,91,33.2,14.1,3.8,5.8,43.6
1991,KEYSBROOK (DELBORELLO),I,184,19,36.5,60.7,50.3,1.6,4.2,20.9
1991,KEYSBROOK (DELBORELLO),I,191,19,63,39.6,51.6,4.2,1.5,8.9
1991,KEYSBROOK (DELBORELLO),I,198,19,25,33.7,163.3,62.7,5.6,2.1
1991,KEYSBROOK (DELBORELLO),I,205,19,9,7,23.7,24.6,13.5,1.3
1991,KEYSBROOK (DELBORELLO),I,212,19,41.5,0.3,28.4,26.8,15.4,8.3
1991,KEYSBROOK (DELBORELLO),I,219,19,25.5,0.3,1.7,2,9.7,2.3
1991,KEYSBROOK (DELBORELLO),I,226,19,62,1.2,1.4,1.3,1.5,1
1991,KEYSBROOK (DELBORELLO),I,233,19,5,6.6,13.6,6.6,3.9,2.5
1991,KEYSBROOK (DELBORELLO),I,240,19,60,12.1,19.8,13.1,5.9,3.7
1991,KEYSBROOK (DELBORELLO),I,247,19,142,22.1,44.1,8.3,8.7,5.1
1991,KEYSBROOK (DELBORELLO),I,261,19,14,5.6,3.7,4.4,5.3,3
1991,KEYSBROOK (DELBORELLO),I,268,19,14,2.6,17,4.2,4.2,2.7
1991,KEYSBROOK (DELBORELLO),I,275,19,67,4.8,26.5,27.3,10.5,8.7
1991,KEYSBROOK (DELBORELLO),I,282,19,6,0.8,28,16.3,25.6,16.3
1991,KEYSBROOK (DELBORELLO),I,290,19,0.5,11.3,63.5,75,32.3,22.2
1991,KEYSBROOK (DELBORELLO),I,296,19,0,4.7,46.9,47,32.4,10.7
1991,KEYSBROOK (DELBORELLO),I,303,19,0,0,3.7,55.5,36.2,23
1991,KEYSBROOK (DELBORELLO),I,310,19,NA,0,0.7,27.4,60.6,39.1
1991,KEYSBROOK (DELBORELLO),I,317,19,NA,0,0,0.5,4.7,15.3
1991,KEYSBROOK (DELBORELLO),I,324,19,NA,0,0,0,0.8,6.3
1991,KEYSBROOK (DELBORELLO),I,331,19,NA,0,0,0,0.1,0
1991,KEYSBROOK (DELBORELLO),I,338,19,NA,0,0,0,0,0
1991,KEYSBROOK (DELBORELLO),J,142,20,NA,4.1,4.3,0.6,0.3,0
1991,KEYSBROOK (DELBORELLO),J,149,20,NA,1.3,8.6,0.6,0.1,0.3
1991,KEYSBROOK (DELBORELLO),J,156,20,0,4.5,29.8,31.1,1.4,0.4
1991,KEYSBROOK (DELBORELLO),J,163,20,0,0,5.7,7.9,23.2,22
1991,KEYSBROOK (DELBORELLO),J,170,20,45,0.5,3.1,11.1,13.8,27.8
1991,KEYSBROOK (DELBORELLO),J,177,20,252.5,23.7,16.9,10.1,15.8,44.9
1991,KEYSBROOK (DELBORELLO),J,184,20,243,39.2,39,3.2,8.6,18
1991,KEYSBROOK (DELBORELLO),J,191,20,80,41.5,91.2,7.1,4.8,8.2
1991,KEYSBROOK (DELBORELLO),J,198,20,59,23,111.7,38.7,3,1.8
1991,KEYSBROOK (DELBORELLO),J,205,20,39,9.3,23.7,24.8,8.5,2.5
1991,KEYSBROOK (DELBORELLO),J,212,20,20,0.4,10.8,9.8,5.8,4.6
1991,KEYSBROOK (DELBORELLO),J,219,20,1,0,0.9,2,4.2,2.2
1991,KEYSBROOK (DELBORELLO),J,226,20,81.5,1.2,5,1.9,6.5,3.2
1991,KEYSBROOK (DELBORELLO),J,233,20,5,2.6,10.4,3.7,2.2,2.6
1991,KEYSBROOK (DELBORELLO),J,240,20,10.5,20.3,14.9,6.7,5.3,4.7
1991,KEYSBROOK (DELBORELLO),J,247,20,1,17.1,42,15,11,4.3
1991,KEYSBROOK (DELBORELLO),J,261,20,5,5.8,2.8,4.1,7.3,3.8
1991,KEYSBROOK (DELBORELLO),J,268,20,46,2.3,24.7,3.6,3.9,2.6
1991,KEYSBROOK (DELBORELLO),J,275,20,15,6.8,25.7,33.6,15.2,10.8
1991,KEYSBROOK (DELBORELLO),J,282,20,24,19,26,10,22.9,25.3
1991,KEYSBROOK (DELBORELLO),J,290,20,3,3.6,49.6,86,30.2,16.5
1991,KEYSBROOK (DELBORELLO),J,296,20,0,9.3,39.7,46.2,19.8,9
1991,KEYSBROOK (DELBORELLO),J,303,20,0,0,9.3,69.4,37.1,24.6
1991,KEYSBROOK (DELBORELLO),J,310,20,NA,0,0.7,13.6,40.4,75.6
1991,KEYSBROOK (DELBORELLO),J,317,20,NA,0,0,0.3,10.4,30.7
1991,KEYSBROOK (DELBORELLO),J,324,20,NA,0,0,0,2,8.8
1991,KEYSBROOK (DELBORELLO),J,331,20,NA,0,0,0,0.1,0
1991,KEYSBROOK (DELBORELLO),J,338,20,NA,0,0,0,0,0
1991,"NARROGIN (CURNOW)",A,128,21,NA,0,0,0,0,0
1991,"NARROGIN (CURNOW)",A,135,21,NA,0,0.1,0,0,0
1991,"NARROGIN (CURNOW)",A,142,21,0,0,0,0,0,0
1991,"NARROGIN (CURNOW)",A,149,21,0,3.2,3.4,0.3,0,0.1
1991,"NARROGIN (CURNOW)",A,156,21,0,6,4.7,11.5,0.2,0.3
1991,"NARROGIN (CURNOW)",A,163,21,5,2.7,5.3,5.3,4.3,0.3
1991,"NARROGIN (CURNOW)",A,170,21,9.5,0.8,3.5,13.7,12.7,1.3
1991,"NARROGIN (CURNOW)",A,176,21,11.5,1.2,5.3,7.2,22.1,8.7
1991,"NARROGIN (CURNOW)",A,183,21,31.5,0.6,3.7,4.2,11.2,22.4
1991,"NARROGIN (CURNOW)",A,190,21,54.5,5.9,8.9,10.3,13.3,12
1991,"NARROGIN (CURNOW)",A,197,21,5.5,11.6,8.5,9.1,12.1,14.4
1991,"NARROGIN (CURNOW)",A,205,21,1.5,9.7,4.4,3.9,3.1,3.7
1991,"NARROGIN (CURNOW)",A,212,21,2,3.9,9.6,1.6,1.2,0.9
1991,"NARROGIN (CURNOW)",A,219,21,0.5,12.9,16.8,22.4,10.2,3.6
1991,"NARROGIN (CURNOW)",A,226,21,6.5,1.5,6.6,5.9,3.4,6
1991,"NARROGIN (CURNOW)",A,233,21,13.5,9.6,10.3,9.9,6.8,10.7
1991,"NARROGIN (CURNOW)",A,240,21,12.5,6.7,9.1,9.9,11,14.6
1991,"NARROGIN (CURNOW)",A,247,21,0,10.8,10.6,8.5,6.8,11.6
1991,"NARROGIN (CURNOW)",A,261,21,3.5,13.8,11.1,15.8,16.5,13.2
1991,"NARROGIN (CURNOW)",A,268,21,29,10.2,4.4,9.2,15.1,13
1991,"NARROGIN (CURNOW)",A,275,21,41.5,11,4.5,12.5,21.4,17
1991,"NARROGIN (CURNOW)",A,282,21,2.5,18.7,12.6,14.1,19.6,21.9
1991,"NARROGIN (CURNOW)",A,289,21,0,2.6,11.4,17.6,23.1,23.2
1991,"NARROGIN (CURNOW)",A,296,21,0,0.5,6.8,17.8,35.5,29.9
1991,"NARROGIN (CURNOW)",A,303,21,0,0,0.2,1.4,8.9,29.5
1991,"NARROGIN (CURNOW)",A,310,21,NA,0,0,0,0.8,10.5
1991,"NARROGIN (CURNOW)",A,317,21,NA,0,0,0,0,0
1991,"NARROGIN (CURNOW)",A,324,21,NA,0,0,0,0,0
1991,"NARROGIN (CURNOW)",B,128,22,NA,1.8,0.6,1,0.4,0.1
1991,"NARROGIN (CURNOW)",B,135,22,NA,2,4.5,4.4,2.9,0.8
1991,"NARROGIN (CURNOW)",B,142,22,0,1.2,0.6,0.3,0,0.1
1991,"NARROGIN (CURNOW)",B,149,22,0,2,1.5,0.5,0.6,0
1991,"NARROGIN (CURNOW)",B,156,22,1,16.8,25.4,17.5,2.5,0.4
1991,"NARROGIN (CURNOW)",B,163,22,20.5,4.7,17.2,32.1,4,0.9
1991,"NARROGIN (CURNOW)",B,170,22,0,4.9,6.6,18.3,31.3,3.4
1991,"NARROGIN (CURNOW)",B,176,22,0,2,8.5,17.8,42.9,14.4
1991,"NARROGIN (CURNOW)",B,183,22,10.5,0.9,6.4,8.6,12.6,21.4
1991,"NARROGIN (CURNOW)",B,190,22,15,4.3,9.1,8.3,14,15.5
1991,"NARROGIN (CURNOW)",B,197,22,12.5,9.2,9.2,9.4,10.6,9.9
1991,"NARROGIN (CURNOW)",B,205,22,1,10.6,6.8,5.7,2.8,3.5
1991,"NARROGIN (CURNOW)",B,212,22,12,3.1,10.4,4.9,1.4,2
1991,"NARROGIN (CURNOW)",B,219,22,2,3.1,5.1,7.4,3.8,2.3
1991,"NARROGIN (CURNOW)",B,226,22,57.5,4.2,7,7.2,4.7,9
1991,"NARROGIN (CURNOW)",B,233,22,5.5,8.3,10.8,11.4,4.3,9.6
1991,"NARROGIN (CURNOW)",B,240,22,10.5,5.6,4.6,5.7,4.6,12.3
1991,"NARROGIN (CURNOW)",B,247,22,16,9.4,6.6,9.9,9.8,13.7
1991,"NARROGIN (CURNOW)",B,261,22,7,7.6,6.3,12.2,11,6
1991,"NARROGIN (CURNOW)",B,268,22,0.5,12.8,5.9,8.4,12.6,13.9
1991,"NARROGIN (CURNOW)",B,275,22,2,15.4,16.3,26.6,22.9,32
1991,"NARROGIN (CURNOW)",B,282,22,1.5,22.6,14,19.1,32.2,30.8
1991,"NARROGIN (CURNOW)",B,289,22,1.5,11,20.1,21.8,30,26
1991,"NARROGIN (CURNOW)",B,296,22,0,2,8.6,18.9,40.9,29.5
1991,"NARROGIN (CURNOW)",B,303,22,0,0,0.8,1,5.2,19.4
1991,"NARROGIN (CURNOW)",B,310,22,NA,0,0,0,3.9,33.6
1991,"NARROGIN (CURNOW)",B,317,22,NA,0,0,0,0,0.4
1991,"NARROGIN (CURNOW)",B,324,22,NA,0,0,0,0,0
1991,"NARROGIN (CURNOW)",C,128,23,NA,0.1,0.3,0.3,0.2,0
1991,"NARROGIN (CURNOW)",C,135,23,NA,0,0.1,0.1,0,0.2
1991,"NARROGIN (CURNOW)",C,142,23,37.5,0,0.9,0.5,0.4,3.1
1991,"NARROGIN (CURNOW)",C,149,23,0,4.8,4.6,2.2,1.4,0.5
1991,"NARROGIN (CURNOW)",C,156,23,1.5,9.5,20,13.9,1.2,1.8
1991,"NARROGIN (CURNOW)",C,163,23,6,5.2,20.8,33.9,2.9,0.2
1991,"NARROGIN (CURNOW)",C,170,23,6.5,3.3,9.6,30.4,43.1,2.9
1991,"NARROGIN (CURNOW)",C,176,23,0,0.6,9.8,14.3,35.8,7.7
1991,"NARROGIN (CURNOW)",C,183,23,9,1.9,8,5,9.5,20.1
1991,"NARROGIN (CURNOW)",C,190,23,46.5,9.2,11.8,10,9.7,9.5
1991,"NARROGIN (CURNOW)",C,197,23,38.5,15.9,12,10.2,13.9,15
1991,"NARROGIN (CURNOW)",C,205,23,5,12.3,4.1,5.8,3.9,4
1991,"NARROGIN (CURNOW)",C,212,23,15,3.4,8.3,4.3,1.7,1.3
1991,"NARROGIN (CURNOW)",C,219,23,0.5,2.6,3.3,4,2.4,1.7
1991,"NARROGIN (CURNOW)",C,226,23,9.5,2.3,8.7,9.6,4.5,7
1991,"NARROGIN (CURNOW)",C,233,23,4.5,7,10.8,10.9,5.8,13
1991,"NARROGIN (CURNOW)",C,240,23,34,10,6.8,4.9,5,18
1991,"NARROGIN (CURNOW)",C,247,23,1,15,7.7,14.7,13.1,12.5
1991,"NARROGIN (CURNOW)",C,261,23,6,19.4,9.5,12.6,13.1,12.6
1991,"NARROGIN (CURNOW)",C,268,23,9,18.5,13,17.1,12.8,10.7
1991,"NARROGIN (CURNOW)",C,275,23,9.5,15.7,14.1,23.5,24.6,25.1
1991,"NARROGIN (CURNOW)",C,282,23,1.5,17.3,14.7,17.8,30.7,27.1
1991,"NARROGIN (CURNOW)",C,289,23,0.5,10.2,18.8,19.9,16.2,24.6
1991,"NARROGIN (CURNOW)",C,296,23,0,1.1,7.6,17.1,37.1,34.4
1991,"NARROGIN (CURNOW)",C,303,23,0,0,0.1,2.2,17,70.1
1991,"NARROGIN (CURNOW)",C,310,23,NA,0,0,0,0.5,24.2
1991,"NARROGIN (CURNOW)",C,317,23,NA,0,0,0,0,0
1991,"NARROGIN (CURNOW)",C,324,23,NA,0,0,0,0,0
1991,"NARROGIN (CURNOW)",D,128,24,NA,1.4,1.5,0.4,0.2,0
1991,"NARROGIN (CURNOW)",D,135,24,NA,2.7,2.2,4.3,2.2,0.7
1991,"NARROGIN (CURNOW)",D,142,24,2.5,0.2,0.2,0.6,0.4,1
1991,"NARROGIN (CURNOW)",D,149,24,0,8.2,6.7,1,1.1,0.4
1991,"NARROGIN (CURNOW)",D,156,24,0,16.5,54.1,11.6,1.8,0.9
1991,"NARROGIN (CURNOW)",D,163,24,7,2.8,8.7,25.1,3.6,0.8
1991,"NARROGIN (CURNOW)",D,170,24,6,1.1111111111111112,8.11111111111111,29.555555555555557,58.22222222222222,2.5555555555555554
1991,"NARROGIN (CURNOW)",D,176,24,0,3.2,15.5,29.8,49.4,8.9
1991,"NARROGIN (CURNOW)",D,183,24,4.5,3,10.2,11,19,32.6
1991,"NARROGIN (CURNOW)",D,190,24,62,7.2,10.7,11.6,20.8,43
1991,"NARROGIN (CURNOW)",D,197,24,19,11.6,5,6.8,6.8,9.8
1991,"NARROGIN (CURNOW)",D,205,24,1.5,14.8,7.8,7.3,5.8,5.7
1991,"NARROGIN (CURNOW)",D,212,24,7,4.7,18.4,3.4,1.7,1.4
1991,"NARROGIN (CURNOW)",D,219,24,1.5,2.3,5.1,10.9,6.4,3.4
1991,"NARROGIN (CURNOW)",D,226,24,9.5,3.9,8.5,4,5.9,7.8
1991,"NARROGIN (CURNOW)",D,233,24,34.5,9.1,8.7,13,5.4,11.7
1991,"NARROGIN (CURNOW)",D,240,24,6,7.2,9.8,5.1,4.1,17.1
1991,"NARROGIN (CURNOW)",D,247,24,37,10.9,8.1,11.5,13,14.2
1991,"NARROGIN (CURNOW)",D,261,24,0,21.2,8.6,14.7,16.3,15.2
1991,"NARROGIN (CURNOW)",D,268,24,1.5,20.5,7.2,16,18.8,24.3
1991,"NARROGIN (CURNOW)",D,275,24,9.5,20.4,14.4,16.4,20.1,24.2
1991,"NARROGIN (CURNOW)",D,282,24,12.5,19,14.1,17.6,31,19.3
1991,"NARROGIN (CURNOW)",D,289,24,2,10.1,19.3,18,24.4,27.6
1991,"NARROGIN (CURNOW)",D,296,24,0,1.1,14.7,24.7,39,35.6
1991,"NARROGIN (CURNOW)",D,303,24,0,0,0,1.3,15.6,58.1
1991,"NARROGIN (CURNOW)",D,310,24,NA,0,0,0,1.5,44.6
1991,"NARROGIN (CURNOW)",D,317,24,NA,0,0,0,0,0.1
1991,"NARROGIN (CURNOW)",D,324,24,NA,0,0,0,0,0
1991,"NARROGIN (CURNOW)",E,128,25,NA,5.2,3.6,2.3,1.2,0
1991,"NARROGIN (CURNOW)",E,135,25,NA,2.1,2.2,2.4,0.8,0.1
1991,"NARROGIN (CURNOW)",E,142,25,0,0,0.5,0.4,0,0.2
1991,"NARROGIN (CURNOW)",E,149,25,0,7.6,9.2,1.6,1.5,0.4
1991,"NARROGIN (CURNOW)",E,156,25,1,10.9,25.7,18.9,1.9,0.7
1991,"NARROGIN (CURNOW)",E,163,25,3,2.2,12.9,23.4,2.8,0.7
1991,"NARROGIN (CURNOW)",E,170,25,8,2.6,7.8,21.7,37.8,1.9
1991,"NARROGIN (CURNOW)",E,176,25,0,0.6,11.2,21.2,29.1,5.8
1991,"NARROGIN (CURNOW)",E,183,25,0,1.2,6.4,5.5,12.5,22.9
1991,"NARROGIN (CURNOW)",E,190,25,62.5,2.9,9.6,10.5,15.2,17.8
1991,"NARROGIN (CURNOW)",E,197,25,46.5,17.7,9.4,8.6,8.7,10
1991,"NARROGIN (CURNOW)",E,205,25,1,11,5.1,5.9,6.8,7.3
1991,"NARROGIN (CURNOW)",E,212,25,0,3,14.5,3.4,1.5,1.5
1991,"NARROGIN (CURNOW)",E,219,25,12,3.3,5.6,8.5,7.2,4.8
1991,"NARROGIN (CURNOW)",E,226,25,10.5,3.8,7.9,9.2,6.3,6.3
1991,"NARROGIN (CURNOW)",E,233,25,3.5,4.1,6.2,9.4,6.9,13.5
1991,"NARROGIN (CURNOW)",E,240,25,5.5,16.1,14.3,16.6,20,32.4
1991,"NARROGIN (CURNOW)",E,247,25,4.5,17.3,15.5,14.1,17.1,22.8
1991,"NARROGIN (CURNOW)",E,261,25,14,14.2,6.3,10.3,11.1,8.9
1991,"NARROGIN (CURNOW)",E,268,25,13,19.3,19,20.3,21.9,27.6
1991,"NARROGIN (CURNOW)",E,275,25,2,16.9,11.5,18.7,19.4,18.2
1991,"NARROGIN (CURNOW)",E,282,25,9,23.1,22.3,26.7,43.5,32.7
1991,"NARROGIN (CURNOW)",E,289,25,15.5,3.4,11.4,8.9,12.4,10.2
1991,"NARROGIN (CURNOW)",E,296,25,0,0.6,4.4,22.2,41,30.6
1991,"NARROGIN (CURNOW)",E,303,25,0,0,0.2,0.6,6.7,29.6
1991,"NARROGIN (CURNOW)",E,310,25,NA,0,0,0,0.2,14.3
1991,"NARROGIN (CURNOW)",E,317,25,NA,0,0,0,0,0
1991,"NARROGIN (CURNOW)",E,324,25,NA,0,0,0,0,0
1991,"NARROGIN (CURNOW)",F,128,26,NA,0,0.1,0.6,1.5,1
1991,"NARROGIN (CURNOW)",F,135,26,NA,0,0,0,0,0.6
1991,"NARROGIN (CURNOW)",F,142,26,0,0,0,0,0,0
1991,"NARROGIN (CURNOW)",F,149,26,27,1.2,2.5,1,1,1.4
1991,"NARROGIN (CURNOW)",F,156,26,14,12.1,22,10.5,1.2,0.3
1991,"NARROGIN (CURNOW)",F,163,26,0,1,6.1,11.6,0.6,0.2
1991,"NARROGIN (CURNOW)",F,170,26,0,1.6,4.5,17.5,24.6,1.2
1991,"NARROGIN (CURNOW)",F,176,26,1,0.6,6.9,18,32.6,7.2
1991,"NARROGIN (CURNOW)",F,183,26,7,2.1,6.9,3.3,8.9,19.8
1991,"NARROGIN (CURNOW)",F,190,26,13.5,5.6,6.5,11,15.2,26.6
1991,"NARROGIN (CURNOW)",F,197,26,45.5,14.7,8.6,9.7,9.5,11.3
1991,"NARROGIN (CURNOW)",F,205,26,3,19.3,6.6,5.3,4.2,4.3
1991,"NARROGIN (CURNOW)",F,212,26,1,2.3,5.9,2.5,1.6,1.8
1991,"NARROGIN (CURNOW)",F,219,26,2,3,5.1,4.1,2.9,3.3
1991,"NARROGIN (CURNOW)",F,226,26,2,0.7,4.1,3.4,1.4,3.7
1991,"NARROGIN (CURNOW)",F,233,26,0,7.8,10,11.3,4.6,10.7
1991,"NARROGIN (CURNOW)",F,240,26,22.5,22.1,16.1,15.8,10.2,26.3
1991,"NARROGIN (CURNOW)",F,247,26,3,15.1,9.7,13.8,15.8,16.4
1991,"NARROGIN (CURNOW)",F,261,26,0,18.8,18.1,15.9,6.9,5.8
1991,"NARROGIN (CURNOW)",F,268,26,4.5,16.8,10.7,17.1,14.5,12.4
1991,"NARROGIN (CURNOW)",F,275,26,9.5,14.7,10.3,17.6,20.1,19.7
1991,"NARROGIN (CURNOW)",F,282,26,2,25.6,15.3,23.3,30.2,22.6
1991,"NARROGIN (CURNOW)",F,289,26,5.5,9,15.6,12.7,19.2,24.7
1991,"NARROGIN (CURNOW)",F,296,26,0,0.6,5.2,11.7,15.4,15.9
1991,"NARROGIN (CURNOW)",F,303,26,0,0,0,0,0.3,3.3
1991,"NARROGIN (CURNOW)",F,310,26,NA,0,0,0,0.9,15.8
1991,"NARROGIN (CURNOW)",F,317,26,NA,0,0,0,0,0
1991,"NARROGIN (CURNOW)",F,324,26,NA,0,0,0,0,0
1991,"NARROGIN (CURNOW)",G,128,27,NA,0,0.1,0,0,0
1991,"NARROGIN (CURNOW)",G,135,27,NA,0.5,1.1,0.4,1.4,0.5
1991,"NARROGIN (CURNOW)",G,142,27,16.5,0,0.2,0.9,0.4,3.8
1991,"NARROGIN (CURNOW)",G,149,27,0,2.8,2.2,0.8,0.3,0.1
1991,"NARROGIN (CURNOW)",G,156,27,15.5,12.7,22.8,12.2,1.4,1.1
1991,"NARROGIN (CURNOW)",G,163,27,2.5,4.5,14.7,24.2,2.3,0.5
1991,"NARROGIN (CURNOW)",G,170,27,0,1.6,5.3,14.2,32.5,2.8
1991,"NARROGIN (CURNOW)",G,176,27,1,0.5,5.7,15,31.6,5.7
1991,"NARROGIN (CURNOW)",G,183,27,39.5,1.3,5.1,6.7,14,27.8
1991,"NARROGIN (CURNOW)",G,190,27,28,4.4,4.3,8.8,14.9,28.4
1991,"NARROGIN (CURNOW)",G,197,27,17.5,14.6,9.3,10.3,10.2,10.2
1991,"NARROGIN (CURNOW)",G,205,27,0,10.1,2.8,3.2,1.6,3.4
1991,"NARROGIN (CURNOW)",G,212,27,3.5,11.8,18.7,5,1.5,1.5
1991,"NARROGIN (CURNOW)",G,219,27,5.5,2.9,6.8,11.1,5.7,4
1991,"NARROGIN (CURNOW)",G,226,27,3,5.3,10.3,11.1,4.6,8
1991,"NARROGIN (CURNOW)",G,233,27,16.5,6.3,5.8,7.8,5.9,8.9
1991,"NARROGIN (CURNOW)",G,240,27,17.5,17.5,7.2,9.9,10.7,16.2
1991,"NARROGIN (CURNOW)",G,247,27,13.5,24.8,13.4,14.6,14.5,19.2
1991,"NARROGIN (CURNOW)",G,261,27,12.5,22.6,13.9,16,16.6,13.2
1991,"NARROGIN (CURNOW)",G,268,27,27,26.2,9.8,14.3,20.3,21.6
1991,"NARROGIN (CURNOW)",G,275,27,16,19.2,12.3,15.3,22.5,24.1
1991,"NARROGIN (CURNOW)",G,282,27,26,26.6,8.7,20.2,27.8,24.1
1991,"NARROGIN (CURNOW)",G,289,27,0.5,9.2,22.2,17.4,31.2,25.1
1991,"NARROGIN (CURNOW)",G,296,27,0,0.6,15.1,16.2,26.8,21.1
1991,"NARROGIN (CURNOW)",G,303,27,0,0,0.3,1,17.3,86.7
1991,"NARROGIN (CURNOW)",G,310,27,NA,0,0,0,1.5,30.1
1991,"NARROGIN (CURNOW)",G,317,27,NA,0,0,0,0,0
1991,"NARROGIN (CURNOW)",G,324,27,NA,0,0,0,0,0
1991,"NARROGIN (CURNOW)",H,128,28,NA,0.1,0.1,0,0,0
1991,"NARROGIN (CURNOW)",H,135,28,NA,0,0.1,0,0,0
1991,"NARROGIN (CURNOW)",H,142,28,0,0,0,0,0,0
1991,"NARROGIN (CURNOW)",H,149,28,0,2.9,1.8,0.2,0.2,0
1991,"NARROGIN (CURNOW)",H,156,28,7.5,7,15.6,9.3,1.7,1
1991,"NARROGIN (CURNOW)",H,163,28,2,5.6,14.6,28.4,2.5,0.5
1991,"NARROGIN (CURNOW)",H,170,28,2,1.4,5.8,15.3,35.6,2.5
1991,"NARROGIN (CURNOW)",H,176,28,4.5,1.4,7.4,15.9,38.1,7.4
1991,"NARROGIN (CURNOW)",H,183,28,13.5,2.1,7.4,6.6,10.6,28.9
1991,"NARROGIN (CURNOW)",H,190,28,6,2.3,10.8,10.8,14.2,36.2
1991,"NARROGIN (CURNOW)",H,197,28,55.5,18.4,9.1,9.5,5.7,10.1
1991,"NARROGIN (CURNOW)",H,205,28,19.5,23.2,10.4,8.1,3.9,5.2
1991,"NARROGIN (CURNOW)",H,212,28,0,7.1,15.3,4.4,1.5,1.2
1991,"NARROGIN (CURNOW)",H,219,28,1,5.1,10.6,16.4,7.2,2.5
1991,"NARROGIN (CURNOW)",H,226,28,14.5,2.1,7.3,6.2,2.3,7.2
1991,"NARROGIN (CURNOW)",H,233,28,10,4.8,5.7,7.7,7.9,11.1
1991,"NARROGIN (CURNOW)",H,240,28,4.5,11.8,4.8,10.5,14.2,23.6
1991,"NARROGIN (CURNOW)",H,247,28,17.5,14.8,8.3,12.9,13.2,16.6
1991,"NARROGIN (CURNOW)",H,261,28,6.5,16.7,6.7,12,13.4,13.5
1991,"NARROGIN (CURNOW)",H,268,28,39,19.1,16.4,17.5,20.7,16.3
1991,"NARROGIN (CURNOW)",H,275,28,22,13.4,9.5,13.7,15.9,20.8
1991,"NARROGIN (CURNOW)",H,282,28,22.5,23.7,14.6,21.6,31,26.3
1991,"NARROGIN (CURNOW)",H,289,28,2,13.3,24.4,17.6,18,15.9
1991,"NARROGIN (CURNOW)",H,296,28,0,2.8,11.4,16.9,18.7,9.7
1991,"NARROGIN (CURNOW)",H,303,28,0,0,0,0.1,2.6,25.8
1991,"NARROGIN (CURNOW)",H,310,28,NA,0,0,0,0.2,5.2
1991,"NARROGIN (CURNOW)",H,317,28,NA,0,0,0,0,0
1991,"NARROGIN (CURNOW)",H,324,28,NA,0,0,0,0,0
1991,"NARROGIN (CURNOW)",I,128,29,NA,0.1,0.1,0,0,0
1991,"NARROGIN (CURNOW)",I,135,29,NA,0.4,3.6,0.8,0,0
1991,"NARROGIN (CURNOW)",I,142,29,0,0,0.4,0.7,0,0.3
1991,"NARROGIN (CURNOW)",I,149,29,0,3.3,1.8,0.9,1,0.1
1991,"NARROGIN (CURNOW)",I,156,29,5.5,5.7,10.6,2.9,0.6,1
1991,"NARROGIN (CURNOW)",I,163,29,14,2.1,9.8,16.3,1.6,0.7
1991,"NARROGIN (CURNOW)",I,170,29,0,1.7,7.1,13.2,22.1,1.6
1991,"NARROGIN (CURNOW)",I,176,29,6,0.6,6.6,14.6,28.6,5.7
1991,"NARROGIN (CURNOW)",I,183,29,23.5,2.1,5.1,5.5,14.2,19.1
1991,"NARROGIN (CURNOW)",I,190,29,13,4,9.6,10.1,11.2,29.7
1991,"NARROGIN (CURNOW)",I,197,29,30,15.1,6,8.2,4.7,10.9
1991,"NARROGIN (CURNOW)",I,205,29,0.5,19.2,6.8,8.8,5.8,7.6
1991,"NARROGIN (CURNOW)",I,212,29,2.5,9.7,18,4,3.8,6.5
1991,"NARROGIN (CURNOW)",I,219,29,8,4.4,10.1,16.3,14.2,7.7
1991,"NARROGIN (CURNOW)",I,226,29,3.5,9.5,15.2,19.8,16.5,14.7
1991,"NARROGIN (CURNOW)",I,233,29,1,5.1,7.1,6.9,7.4,16.6
1991,"NARROGIN (CURNOW)",I,240,29,9,15.9,10.4,8.8,13.1,25.5
1991,"NARROGIN (CURNOW)",I,247,29,34.5,15.6,8.3,12.4,16.6,21.6
1991,"NARROGIN (CURNOW)",I,261,29,0,15.9,8.8,10.7,11.1,16.3
1991,"NARROGIN (CURNOW)",I,268,29,50,26.1,17.9,19.7,21.1,15.8
1991,"NARROGIN (CURNOW)",I,275,29,5.5,21.2,17.1,26.6,30.9,30.1
1991,"NARROGIN (CURNOW)",I,282,29,29.5,21.4,14.6,23.1,39,24.6
1991,"NARROGIN (CURNOW)",I,289,29,1.5,12.5,19.2,20.8,20.2,23.3
1991,"NARROGIN (CURNOW)",I,296,29,0,1.1,9,18.2,22,15
1991,"NARROGIN (CURNOW)",I,303,29,0,0,0,0.4,4.6,15.3
1991,"NARROGIN (CURNOW)",I,310,29,NA,0,0,0,1.7,11.2
1991,"NARROGIN (CURNOW)",I,317,29,NA,0,0,0,0,0
1991,"NARROGIN (CURNOW)",I,324,29,NA,0,0,0,0,0
1991,"NARROGIN (CURNOW)",J,128,30,NA,0.3,0.9,0,0,0
1991,"NARROGIN (CURNOW)",J,135,30,NA,0.1,0.3,0,0,0
1991,"NARROGIN (CURNOW)",J,142,30,0,0,0.1,0.6,0.2,0.5
1991,"NARROGIN (CURNOW)",J,149,30,0,2.9,1.9,1.1,0.5,0
1991,"NARROGIN (CURNOW)",J,156,30,30,8,9.4,5.9,0.7,0.9
1991,"NARROGIN (CURNOW)",J,163,30,2.5,0.2,2.5,3.4,0.8,0.9
1991,"NARROGIN (CURNOW)",J,170,30,1,0.9,3.5,8.2,24.2,1.2
1991,"NARROGIN (CURNOW)",J,176,30,12.5,1.1,6.7,17.4,27.7,5.4
1991,"NARROGIN (CURNOW)",J,183,30,5,0.6,3.3,4.9,15.3,19.9
1991,"NARROGIN (CURNOW)",J,190,30,24.5,1.2,7.6,8.1,9.4,18
1991,"NARROGIN (CURNOW)",J,197,30,16.5,30.6,11.5,9.2,9.3,13.2
1991,"NARROGIN (CURNOW)",J,205,30,8.5,15.7,3.8,7.9,5.5,8.3
1991,"NARROGIN (CURNOW)",J,212,30,0.5,11.7,27.1,10.2,3.9,5.8
1991,"NARROGIN (CURNOW)",J,219,30,0,5.7,12.8,19.3,14.5,5.6
1991,"NARROGIN (CURNOW)",J,226,30,2,4.6,32,32,6.8,3.3
1991,"NARROGIN (CURNOW)",J,233,30,10,12,9.6,10.7,18.6,27.6
1991,"NARROGIN (CURNOW)",J,240,30,4.5,17.1,10.4,11.2,15.8,28.1
1991,"NARROGIN (CURNOW)",J,247,30,48.5,16.8,14.5,15.5,21.5,28.6
1991,"NARROGIN (CURNOW)",J,261,30,32.5,25,9.9,11.2,14.2,20.5
1991,"NARROGIN (CURNOW)",J,268,30,17.5,32.4,19.7,18.3,16.4,21.6
1991,"NARROGIN (CURNOW)",J,275,30,2,16.9,22.4,30,29.1,33.1
1991,"NARROGIN (CURNOW)",J,282,30,2.5,25.9,27.9,34,60.8,46.7
1991,"NARROGIN (CURNOW)",J,289,30,0,8.5,15.1,16.2,21,16.2
1991,"NARROGIN (CURNOW)",J,296,30,0,1.1,9.8,16,21.1,9.7
1991,"NARROGIN (CURNOW)",J,303,30,0,0,0,0,1.1,6.1
1991,"NARROGIN (CURNOW)",J,310,30,NA,0,0,0,0,0.6
1991,"NARROGIN (CURNOW)",J,317,30,NA,0,0,0,0,0
1991,"NARROGIN (CURNOW)",J,324,30,NA,0,0,0,0,0
1992,KEYSBROOK (DELBORELLO),A,133,31,NA,0,0.4,0.2,0,0
1992,KEYSBROOK (DELBORELLO),A,140,31,0,0.3,1.3,7.3,14.8,12
1992,KEYSBROOK (DELBORELLO),A,147,31,7,0,0.2,0.8,3.8,12.5
1992,KEYSBROOK (DELBORELLO),A,154,31,189,0,1.1,3.4,1,27
1992,KEYSBROOK (DELBORELLO),A,161,31,303.5,1.9,11.9,1.6,5.2,44.8
1992,KEYSBROOK (DELBORELLO),A,168,31,34.5,31.5,69.2,20.5,9.4,41.5
1992,KEYSBROOK (DELBORELLO),A,175,31,28.5,0.4,26,136.3,8,19
1992,KEYSBROOK (DELBORELLO),A,182,31,193.5,0,1.6,25.4,45.1,21.3
1992,KEYSBROOK (DELBORELLO),A,189,31,32,27,35.9,12.4,45.7,54.1
1992,KEYSBROOK (DELBORELLO),A,196,31,22,0.5,12,55.6,36.2,57
1992,KEYSBROOK (DELBORELLO),A,203,31,164.5,1.8,13.1,22.3,27.9,53.8
1992,KEYSBROOK (DELBORELLO),A,210,31,79.5,48.7,25.3,18.2,27.5,25
1992,KEYSBROOK (DELBORELLO),A,217,31,34.5,11.4,85.1,26.1,10.1,23.3
1992,KEYSBROOK (DELBORELLO),A,224,31,37,5.7,41.1,47.7,10.9,11.8
1992,KEYSBROOK (DELBORELLO),A,230,31,15,0.1,4.9,18.2,24.3,13.7
1992,KEYSBROOK (DELBORELLO),A,238,31,37,0.1,2.1,5.5,12.8,13.2
1992,KEYSBROOK (DELBORELLO),A,245,31,87,5.4,4.3,4.2,5.4,9.9
1992,KEYSBROOK (DELBORELLO),A,252,31,89.5,4,2.7,4.4,3.6,15.1
1992,KEYSBROOK (DELBORELLO),A,259,31,63.5,25.9,20.6,9.1,3.4,9.4
1992,KEYSBROOK (DELBORELLO),A,266,31,5.5,14.1,23.9,12.4,5.8,10.2
1992,KEYSBROOK (DELBORELLO),A,273,31,11,3.2,6.6,16,32.6,15.5
1992,KEYSBROOK (DELBORELLO),A,280,31,16.5,0.6,4.1,15.5,16.3,35.8
1992,KEYSBROOK (DELBORELLO),A,287,31,25.5,0.6,3.4,5.8,7.7,49.6
1992,KEYSBROOK (DELBORELLO),A,294,31,0,0,0.1,0.3,1.4,10.2
1992,KEYSBROOK (DELBORELLO),A,301,31,0,0,0,0,0,0
1992,KEYSBROOK (DELBORELLO),A,308,31,0,0,0,0,0,0
1992,KEYSBROOK (DELBORELLO),A,315,31,NA,0,0,0,0,0
1992,KEYSBROOK (DELBORELLO),A,322,31,NA,0,0,0,0,0
1992,KEYSBROOK (DELBORELLO),B,133,32,NA,0.5,3.5,1.4,0.7,0
1992,KEYSBROOK (DELBORELLO),B,140,32,3,0.2,0.9,0.4,2,4.4
1992,KEYSBROOK (DELBORELLO),B,147,32,194.5,2,5.1,4.9,4.4,33.1
1992,KEYSBROOK (DELBORELLO),B,154,32,151,0.4,0.6,2.8,0.6,49.6
1992,KEYSBROOK (DELBORELLO),B,161,32,285.5,1,18.7,6.7,3.7,31.2
1992,KEYSBROOK (DELBORELLO),B,168,32,70,24.5,74,18.8,11.2,38
1992,KEYSBROOK (DELBORELLO),B,175,32,28.5,0.7,13.4,75,15.7,15.6
1992,KEYSBROOK (DELBORELLO),B,182,32,114,0,6.1,77.5,24.8,17.5
1992,KEYSBROOK (DELBORELLO),B,189,32,31.5,19.1,33.9,11.9,29.4,48.7
1992,KEYSBROOK (DELBORELLO),B,196,32,10,0.3,9.1,34.3,28.6,52.4
1992,KEYSBROOK (DELBORELLO),B,203,32,46,1.1,12.4,15.3,18.8,59
1992,KEYSBROOK (DELBORELLO),B,210,32,35,56.1,35.1,17,18.4,22
1992,KEYSBROOK (DELBORELLO),B,217,32,15.5,25.4,123.8,55.9,16.1,22.7
1992,KEYSBROOK (DELBORELLO),B,224,32,47.5,4.7,38.4,61.6,13.4,17.9
1992,KEYSBROOK (DELBORELLO),B,230,32,65.5,0.4,4.5,14.7,22.3,17.2
1992,KEYSBROOK (DELBORELLO),B,238,32,16.5,0.1,2.4,10,19.1,13.2
1992,KEYSBROOK (DELBORELLO),B,245,32,1,3.9,3.2,3.9,8.9,20.5
1992,KEYSBROOK (DELBORELLO),B,252,32,51.5,3.8,6.1,2.9,1.9,7.3
1992,KEYSBROOK (DELBORELLO),B,259,32,118,23.9,10.3,5,1.4444444444444444,9.1
1992,KEYSBROOK (DELBORELLO),B,266,32,52.5,17.3,31.5,14.8,6.8,9.3
1992,KEYSBROOK (DELBORELLO),B,273,32,11,4.5,12.7,12.6,9.9,10.3
1992,KEYSBROOK (DELBORELLO),B,280,32,32.5,0.7,8,17.6,15.8,19.6
1992,KEYSBROOK (DELBORELLO),B,287,32,20,0,0.5,0.3,2.2,4
1992,KEYSBROOK (DELBORELLO),B,294,32,0,0,0,0,0.3,3.3
1992,KEYSBROOK (DELBORELLO),B,301,32,0,0,0,0,0,0.1
1992,KEYSBROOK (DELBORELLO),B,308,32,0,0,0,0,0,0
1992,KEYSBROOK (DELBORELLO),B,315,32,NA,0,0,0,0,0
1992,KEYSBROOK (DELBORELLO),B,322,32,NA,0,0,0,0,0
1992,KEYSBROOK (DELBORELLO),C,133,33,NA,1,5.7,6.4,0.9,0
1992,KEYSBROOK (DELBORELLO),C,140,33,2,0.1,0,0.5,0.2,0.9
1992,KEYSBROOK (DELBORELLO),C,147,33,4,1.1,4,2.7,0.8,16.5
1992,KEYSBROOK (DELBORELLO),C,154,33,316,0.1,2.5,1.4,0.7,43.3
1992,KEYSBROOK (DELBORELLO),C,161,33,35.5,0.3,23.4,25.1,15.3,44.7
1992,KEYSBROOK (DELBORELLO),C,168,33,5,15,51.1,23.5,7,34.4
1992,KEYSBROOK (DELBORELLO),C,175,33,43.5,0,21.7,86.1,16.9,28.3
1992,KEYSBROOK (DELBORELLO),C,182,33,36.5,0,5.2,77.9,30.9,22.8
1992,KEYSBROOK (DELBORELLO),C,189,33,18.5,8.2,31.7,16.7,48.3,31.2
1992,KEYSBROOK (DELBORELLO),C,196,33,22,0,10.9,43.9,37.6,47
1992,KEYSBROOK (DELBORELLO),C,203,33,28.5,0.2,6.3,13.1,23.2,66.7
1992,KEYSBROOK (DELBORELLO),C,210,33,25.5,46.4,36,13.4,15.6,18
1992,KEYSBROOK (DELBORELLO),C,217,33,10,19,98.4,41.2,19.1,82.6
1992,KEYSBROOK (DELBORELLO),C,224,33,16,1.8,27.8,38.5,9.6,16.6
1992,KEYSBROOK (DELBORELLO),C,230,33,32,1.8,10.9,19.3,15.6,6.5
1992,KEYSBROOK (DELBORELLO),C,238,33,6.5,0,2.7,9.1,12.6,8.6
1992,KEYSBROOK (DELBORELLO),C,245,33,46,0.5,2.1,2.5,8.6,18.4
1992,KEYSBROOK (DELBORELLO),C,252,33,48.5,4.3,3.2,2.3,1.3,13.5
1992,KEYSBROOK (DELBORELLO),C,259,33,42,18.8,7.1,4.5,3.3,8.7
1992,KEYSBROOK (DELBORELLO),C,266,33,4.5,15.3,31.7,20.1,13.1,9.3
1992,KEYSBROOK (DELBORELLO),C,273,33,89.5,2.2,13,11,11.8,13.1
1992,KEYSBROOK (DELBORELLO),C,280,33,71,1.5,3.1,11.4,8.9,19.4
1992,KEYSBROOK (DELBORELLO),C,287,33,35.5,3.6,14.9,11.5,10.1,28.6
1992,KEYSBROOK (DELBORELLO),C,294,33,44.5,0,0.9,4.7,9.3,43.3
1992,KEYSBROOK (DELBORELLO),C,301,33,0,0,0,0.1,0,0.5
1992,KEYSBROOK (DELBORELLO),C,308,33,0,0,0,0,0,0
1992,KEYSBROOK (DELBORELLO),C,315,33,NA,0,0,0,0,0
1992,KEYSBROOK (DELBORELLO),C,322,33,NA,0,0,0,0,0
1992,KEYSBROOK (DELBORELLO),D,133,34,NA,1.8,10.2,6.8,1.4,0
1992,KEYSBROOK (DELBORELLO),D,140,34,0,0.5,0.6,0.6,4.4,6.1
1992,KEYSBROOK (DELBORELLO),D,147,34,82,0,1.1,2.5,9.9,63.4
1992,KEYSBROOK (DELBORELLO),D,154,34,205.5,1,9.6,6.1,2.7,55.7
1992,KEYSBROOK (DELBORELLO),D,161,34,798.5,0,18.3,41.8,32.3,74.5
1992,KEYSBROOK (DELBORELLO),D,168,34,80.5,33,68.6,24.8,12.4,35.2
1992,KEYSBROOK (DELBORELLO),D,175,34,24.5,0,8.6,59.6,36.4,65.9
1992,KEYSBROOK (DELBORELLO),D,182,34,63.5,0,5.4,92.4,44.9,28.5
1992,KEYSBROOK (DELBORELLO),D,189,34,4,8.5,31.3,20.3,69.6,31.7
1992,KEYSBROOK (DELBORELLO),D,196,34,18.5,0.5,11.7,46.1,44.1,34.3
1992,KEYSBROOK (DELBORELLO),D,203,34,9,1.9,7.4,14.6,20.3,91.1
1992,KEYSBROOK (DELBORELLO),D,210,34,13,16.6,23.7,15,15.2,19.9
1992,KEYSBROOK (DELBORELLO),D,217,34,49,25.6,100.7,28.6,15.2,38.8
1992,KEYSBROOK (DELBORELLO),D,224,34,6,3.5,33.8,39.4,11.7,17.8
1992,KEYSBROOK (DELBORELLO),D,230,34,1.5,1,6.8,16.7,17.4,8.5
1992,KEYSBROOK (DELBORELLO),D,238,34,7,0.3,2.7,9.1,12.6,8.6
1992,KEYSBROOK (DELBORELLO),D,245,34,75,2,2.3,4.1,4.3,10.8
1992,KEYSBROOK (DELBORELLO),D,252,34,32.5,7.8,6.1,1.8,0.9,8.1
1992,KEYSBROOK (DELBORELLO),D,259,34,59.5,23.1,11.4,6.1,3.4,9.9
1992,KEYSBROOK (DELBORELLO),D,266,34,12.5,4.8,6.8,4.8,3.1,3.5
1992,KEYSBROOK (DELBORELLO),D,273,34,11.5,3.6,17,19.9,15.6,10.1
1992,KEYSBROOK (DELBORELLO),D,280,34,97,2.8,9.3,19.7,23.4,37.6
1992,KEYSBROOK (DELBORELLO),D,287,34,45,5.5,13.3,9.4,6.8,30.1
1992,KEYSBROOK (DELBORELLO),D,294,34,40,2,16.8,26.2,15.3,32.6
1992,KEYSBROOK (DELBORELLO),D,301,34,0,0,0,0.1,0.9,6.8
1992,KEYSBROOK (DELBORELLO),D,308,34,0,0,0,0,0,0
1992,KEYSBROOK (DELBORELLO),D,315,34,NA,0,0,0,0,0
1992,KEYSBROOK (DELBORELLO),D,322,34,NA,0,0,0,0,0
1992,KEYSBROOK (DELBORELLO),E,133,35,NA,0.6,5.7,6.4,1.4,0
1992,KEYSBROOK (DELBORELLO),E,140,35,0,0.4,1.2,2.1,8.9,15.6
1992,KEYSBROOK (DELBORELLO),E,147,35,17,2.6,2.4,1.9,7.9,62.5
1992,KEYSBROOK (DELBORELLO),E,154,35,416,0.4,10.8,7.5,5.1,168.6
1992,KEYSBROOK (DELBORELLO),E,161,35,397,0,22.8,29.2,12.4,53.6
1992,KEYSBROOK (DELBORELLO),E,168,35,26.5,5,37.2,31.2,34.2,34.3
1992,KEYSBROOK (DELBORELLO),E,175,35,6,0,7.9,126.8,38.4,36.8
1992,KEYSBROOK (DELBORELLO),E,182,35,5,0,0.6,65.9,42.3,26.9
1992,KEYSBROOK (DELBORELLO),E,189,35,8,9.8,47.8,50.8,72.9,21.6
1992,KEYSBROOK (DELBORELLO),E,196,35,36.5,0,3.5,17,33.6,32.4
1992,KEYSBROOK (DELBORELLO),E,203,35,70.5,0.3,4.8,11.8,18.4,43.6
1992,KEYSBROOK (DELBORELLO),E,210,35,45,23.8,22.6,6.7,11.9,25.3
1992,KEYSBROOK (DELBORELLO),E,217,35,46,5.1,40.2,13.1,9.3,22.9
1992,KEYSBROOK (DELBORELLO),E,224,35,40.5,8.9,53.1,55.1,9.5,8.9
1992,KEYSBROOK (DELBORELLO),E,230,35,6.5,0.6,4.8,9.6,10.4,4.8
1992,KEYSBROOK (DELBORELLO),E,238,35,7.5,0.2,2.3,7.7,12.9,10.6
1992,KEYSBROOK (DELBORELLO),E,245,35,108,0.3,1.3,3.3,5.6,16
1992,KEYSBROOK (DELBORELLO),E,252,35,27,0.6,1.3,0.3,0.3,5.3
1992,KEYSBROOK (DELBORELLO),E,259,35,28.5,16.7,3.6,1.7,1.4,7.3
1992,KEYSBROOK (DELBORELLO),E,266,35,47.5,8,21.8,6.7,2,4
1992,KEYSBROOK (DELBORELLO),E,273,35,9.5,1.5,7.4,17,13.4,14.2
1992,KEYSBROOK (DELBORELLO),E,280,35,39.5,1.8,2.4,6.3,7.5,11.7
1992,KEYSBROOK (DELBORELLO),E,287,35,52,1.3,3.9,4,5.6,33.2
1992,KEYSBROOK (DELBORELLO),E,294,35,10.5,0.4,10.3,18.5,11,15.8
1992,KEYSBROOK (DELBORELLO),E,301,35,0,0,0,1.2,3.9,7.4
1992,KEYSBROOK (DELBORELLO),E,308,35,0,0,0,0,0,0
1992,KEYSBROOK (DELBORELLO),E,315,35,NA,0,0,0,0,0
1992,KEYSBROOK (DELBORELLO),E,322,35,NA,0,0,0,0,0
1992,KEYSBROOK (DELBORELLO),F,133,36,NA,0.8,3.5,4.1,0.7,0
1992,KEYSBROOK (DELBORELLO),F,140,36,0,1.3,2.3,2.9,8.9,19.3
1992,KEYSBROOK (DELBORELLO),F,147,36,2.5,0.4,1.5,2.5,2.2,37.4
1992,KEYSBROOK (DELBORELLO),F,154,36,96.5,0.7,16.7,17.3,3.7,54.2
1992,KEYSBROOK (DELBORELLO),F,161,36,183,0.2,15.5,24.8,14.6,42.9
1992,KEYSBROOK (DELBORELLO),F,168,36,54.5,27.8,71.8,40.7,34,33.9
1992,KEYSBROOK (DELBORELLO),F,175,36,0.5,0,10,186.1,23.9,27.6
1992,KEYSBROOK (DELBORELLO),F,182,36,8,0,3,71.4,40.1,20
1992,KEYSBROOK (DELBORELLO),F,189,36,90.5,4.9,34.3,57.6,71.6,48.6
1992,KEYSBROOK (DELBORELLO),F,196,36,7,0.5,10.8,31.9,37.4,45.5
1992,KEYSBROOK (DELBORELLO),F,203,36,13.5,0.2,4.3,13.2,21.5,54.9
1992,KEYSBROOK (DELBORELLO),F,210,36,67,34.4,38.8,22.7,23,37.9
1992,KEYSBROOK (DELBORELLO),F,217,36,24.5,12.3,57.2,16.8,8,10.8
1992,KEYSBROOK (DELBORELLO),F,224,36,16.5,3.5,37.7,35.6,9.3,11.8
1992,KEYSBROOK (DELBORELLO),F,230,36,0,0.3,4.1,8,11.3,6
1992,KEYSBROOK (DELBORELLO),F,238,36,48,0,0.9,10.8,12.7,24.4
1992,KEYSBROOK (DELBORELLO),F,245,36,23.5,0.3,1.3,2.3,5.7,10.9
1992,KEYSBROOK (DELBORELLO),F,252,36,5,3.8,4.9,2.2,0.8,7.6
1992,KEYSBROOK (DELBORELLO),F,259,36,63,32.3,8.1,2.5,1.2,6.8
1992,KEYSBROOK (DELBORELLO),F,266,36,0,6.7,20,12,6.6,10.7
1992,KEYSBROOK (DELBORELLO),F,273,36,26.5,3.8,16,20.7,15.9,21.2
1992,KEYSBROOK (DELBORELLO),F,280,36,15.5,4.1,4.6,5.2,6.8,14.8
1992,KEYSBROOK (DELBORELLO),F,287,36,97,3,17.8,24.2,14.3,46.4
1992,KEYSBROOK (DELBORELLO),F,294,36,0,0,0.9,4.6,4.5,25.1
1992,KEYSBROOK (DELBORELLO),F,301,36,0,0,0,0,0.2,0
1992,KEYSBROOK (DELBORELLO),F,308,36,0,0,0,0,0,0
1992,KEYSBROOK (DELBORELLO),F,315,36,NA,0,0,0,0,0
1992,KEYSBROOK (DELBORELLO),F,322,36,NA,0,0,0,0,0
1992,KEYSBROOK (DELBORELLO),G,133,37,NA,5.1,30.7,34.7,3,0
1992,KEYSBROOK (DELBORELLO),G,140,37,0,0.5,0.8,2.5,9.4,7.3
1992,KEYSBROOK (DELBORELLO),G,147,37,26.5,0.3,0.4,1.4,3.2,63.3
1992,KEYSBROOK (DELBORELLO),G,154,37,106,0.3,7.4,5,2.5,55.7
1992,KEYSBROOK (DELBORELLO),G,161,37,446,0,13.1,23.2,8.2,53.6
1992,KEYSBROOK (DELBORELLO),G,168,37,67,20.1,56,30.6,23.6,46.4
1992,KEYSBROOK (DELBORELLO),G,175,37,18.5,0,12.4,137.9,39.6,47.8
1992,KEYSBROOK (DELBORELLO),G,182,37,44,0,2.8,53.8,26.8,15.2
1992,KEYSBROOK (DELBORELLO),G,189,37,11.5,0.8,9.7,45.7,67.3,26.3
1992,KEYSBROOK (DELBORELLO),G,196,37,16,0.7,11.1,26.7,38.6,62.4
1992,KEYSBROOK (DELBORELLO),G,203,37,45,1.5,10.2,16.9,20.6,59.3
1992,KEYSBROOK (DELBORELLO),G,210,37,29.5,17.6,24.5,10.9,12.7,10.8
1992,KEYSBROOK (DELBORELLO),G,217,37,9,5.1,27.2,8.2,5.6,11.1
1992,KEYSBROOK (DELBORELLO),G,224,37,41.5,2.1,28.1,49.2,13.2,15.7
1992,KEYSBROOK (DELBORELLO),G,230,37,6,0.5,4.5,7.8,10.7,5.9
1992,KEYSBROOK (DELBORELLO),G,238,37,1.5,0.1,2.2,9.1,11.6,10.7
1992,KEYSBROOK (DELBORELLO),G,245,37,16.5,2.7,2.4,2.4,5.6,8.3
1992,KEYSBROOK (DELBORELLO),G,252,37,0,2.3,1.7,0.6,0.7,7.3
1992,KEYSBROOK (DELBORELLO),G,259,37,18,18.4,4.6,1.4,1,10.3
1992,KEYSBROOK (DELBORELLO),G,266,37,2,5.1,15.3,9.1,6.1,7.9
1992,KEYSBROOK (DELBORELLO),G,273,37,17.5,1.9,17.2,22.5,9.8,10.8
1992,KEYSBROOK (DELBORELLO),G,280,37,25.5,0.6,2.6,5.1,7.6,26.1
1992,KEYSBROOK (DELBORELLO),G,287,37,105,4.6,14.2,7.5,5.2,25.4
1992,KEYSBROOK (DELBORELLO),G,294,37,11.5,0.2,6.9,12.6,4.5,5.2
1992,KEYSBROOK (DELBORELLO),G,301,37,0,0,0,0,0,0.4
1992,KEYSBROOK (DELBORELLO),G,308,37,0,0,0,0,0,0.6
1992,KEYSBROOK (DELBORELLO),G,315,37,NA,0,0,0,0,0
1992,KEYSBROOK (DELBORELLO),G,322,37,NA,0,0,0,0,0
1992,KEYSBROOK (DELBORELLO),H,133,38,NA,0,4.2,23.3,4.1,0
1992,KEYSBROOK (DELBORELLO),H,140,38,0,0.5,0.9,0.8,7.2,22.1
1992,KEYSBROOK (DELBORELLO),H,147,38,11,0.7,6.6,3.5,2.8,51.9
1992,KEYSBROOK (DELBORELLO),H,154,38,192,0.2,20.1,15.2,5.5,73.2
1992,KEYSBROOK (DELBORELLO),H,161,38,57,0.7,27.9,49.3,18,67.6
1992,KEYSBROOK (DELBORELLO),H,168,38,3.5,10.9,39.6,40,41.3,46.2
1992,KEYSBROOK (DELBORELLO),H,175,38,1,1.9,6.8,73.8,34.6,26.4
1992,KEYSBROOK (DELBORELLO),H,182,38,91.5,0,3.3,113.9,39.2,23.7
1992,KEYSBROOK (DELBORELLO),H,189,38,45,1.3,12.5,65,87.8,36
1992,KEYSBROOK (DELBORELLO),H,196,38,6,0.1,10.1,26.7,36.6,37.7
1992,KEYSBROOK (DELBORELLO),H,203,38,102.5,0.3,6.6,19.3,22,52
1992,KEYSBROOK (DELBORELLO),H,210,38,47.5,5.8,17.2,11.4,14.5,18.2
1992,KEYSBROOK (DELBORELLO),H,217,38,23,5.9,49.6,13.9,6.8,6.8
1992,KEYSBROOK (DELBORELLO),H,224,38,0,0.9,23.8,23.2,6.6,3.6
1992,KEYSBROOK (DELBORELLO),H,230,38,32,0.4,3.5,5.2,6.1,2.6
1992,KEYSBROOK (DELBORELLO),H,238,38,12.5,0,0.5,5.6,12.5,10.7
1992,KEYSBROOK (DELBORELLO),H,245,38,7,1.9,2.5,2.5,6.4,12
1992,KEYSBROOK (DELBORELLO),H,252,38,16,3,1.2,0,1,5.2
1992,KEYSBROOK (DELBORELLO),H,259,38,29.5,51.9,19.2,3.2,1.4,7
1992,KEYSBROOK (DELBORELLO),H,266,38,8,2.4,18.2,8.6,4.2,2.6
1992,KEYSBROOK (DELBORELLO),H,273,38,18,1.9,6.5,9,6.3,9.5
1992,KEYSBROOK (DELBORELLO),H,280,38,70,0.9,1.1,2.4,2.8,13.6
1992,KEYSBROOK (DELBORELLO),H,287,38,10.5,6.2,15.1,7.4,3.1,11.3
1992,KEYSBROOK (DELBORELLO),H,294,38,5.5,4,28.8,20.5,4.3,8.7
1992,KEYSBROOK (DELBORELLO),H,301,38,0,0,0.3,4.4,17.6,22.5
1992,KEYSBROOK (DELBORELLO),H,308,38,0,0,0,0,0,3
1992,KEYSBROOK (DELBORELLO),H,315,38,NA,0,0,0,0,0
1992,KEYSBROOK (DELBORELLO),H,322,38,NA,0,0,0,0,0
1992,KEYSBROOK (DELBORELLO),I,133,39,NA,0.4,3.8,14.3,1.6,0
1992,KEYSBROOK (DELBORELLO),I,140,39,0.5,0,0.3,0.3,5.7,7.1
1992,KEYSBROOK (DELBORELLO),I,147,39,835,0,1.9,3.4,8.1,85.5
1992,KEYSBROOK (DELBORELLO),I,154,39,185,1.1,17.1,7.3,5,68.8
1992,KEYSBROOK (DELBORELLO),I,161,39,47,0.7,16,59,8.8,47.4
1992,KEYSBROOK (DELBORELLO),I,168,39,31.5,10.1,47.4,50.8,35.3,34.5
1992,KEYSBROOK (DELBORELLO),I,175,39,1.5,0,2.2,88.2,46.8,28.9
1992,KEYSBROOK (DELBORELLO),I,182,39,22,0,4.9,57.7,28.6,20.4
1992,KEYSBROOK (DELBORELLO),I,189,39,0,0.8,15.2,66.9,73.3,17.9
1992,KEYSBROOK (DELBORELLO),I,196,39,3,0.3,6.4,22.3,49.5,31.1
1992,KEYSBROOK (DELBORELLO),I,203,39,18.5,1.3,9.1,12.4,16.8,36.4
1992,KEYSBROOK (DELBORELLO),I,210,39,35,12.3,15.6,11.2,10.7,17.2
1992,KEYSBROOK (DELBORELLO),I,217,39,8,5.8,25.4,9.2,6.5,11.6
1992,KEYSBROOK (DELBORELLO),I,224,39,4,1.6,29.1,34.1,6,5.7
1992,KEYSBROOK (DELBORELLO),I,230,39,0.5,0.5,2.1,5.3,5.1,3.9
1992,KEYSBROOK (DELBORELLO),I,238,39,1.5,0,1.2,6.5,9.6,6.6
1992,KEYSBROOK (DELBORELLO),I,245,39,11.5,0.1,0.9,0.6,3.2,10.4
1992,KEYSBROOK (DELBORELLO),I,252,39,46.5,0.8,0.7,0,0.5,6.4
1992,KEYSBROOK (DELBORELLO),I,259,39,268,18.1,2.4,0.6,0.5,3.5
1992,KEYSBROOK (DELBORELLO),I,266,39,3,7,19.7,7.2,3.1,3.6
1992,KEYSBROOK (DELBORELLO),I,273,39,0,0.1,1.2,2.7,4.4,3.8
1992,KEYSBROOK (DELBORELLO),I,280,39,71.5,0.3,0.9,4.1,5.7,9.7
1992,KEYSBROOK (DELBORELLO),I,287,39,77.5,0.7,2,0.8,2,14.4
1992,KEYSBROOK (DELBORELLO),I,294,39,4.5,2.1,20.8,21.3,8.6,13.4
1992,KEYSBROOK (DELBORELLO),I,301,39,0,0,0.1,3.7,12.8,7.4
1992,KEYSBROOK (DELBORELLO),I,308,39,0,0,0,0,1.4,39.5
1992,KEYSBROOK (DELBORELLO),I,315,39,NA,0,0,0,0,0
1992,KEYSBROOK (DELBORELLO),I,322,39,NA,0,0,0,0,0
1992,KEYSBROOK (DELBORELLO),J,133,40,NA,0.2,3.5,16.3,3.8,0
1992,KEYSBROOK (DELBORELLO),J,140,40,0,0.2,0.9,4.9,28.5,22.2
1992,KEYSBROOK (DELBORELLO),J,147,40,40.5,9.7,12.7,5.7,9.8,55.1
1992,KEYSBROOK (DELBORELLO),J,154,40,172.5,0.5,86.3,55.3,7.7,70.3
1992,KEYSBROOK (DELBORELLO),J,161,40,96,0,16.2,37,12.9,54.5
1992,KEYSBROOK (DELBORELLO),J,168,40,72,20,50,45.7,42.2,33.3
1992,KEYSBROOK (DELBORELLO),J,175,40,25.5,0,14,88.1,38.5,19.2
1992,KEYSBROOK (DELBORELLO),J,182,40,14,0,6,84.3,43.3,27.9
1992,KEYSBROOK (DELBORELLO),J,189,40,5.5,0.4,4.3,53.3,70.2,21.4
1992,KEYSBROOK (DELBORELLO),J,196,40,0.5,0.2,4.7,23.1,43.5,37.7
1992,KEYSBROOK (DELBORELLO),J,203,40,5.5,1.6,5.1,10.6,18.6,35.3
1992,KEYSBROOK (DELBORELLO),J,210,40,92,5.2,18.5,11.6,9.9,19.4
1992,KEYSBROOK (DELBORELLO),J,217,40,8,11.3,32,10.3,6.1,9.6
1992,KEYSBROOK (DELBORELLO),J,224,40,8,1.4,30.8,42.8,11.4,10
1992,KEYSBROOK (DELBORELLO),J,230,40,0.5,0.7,5.2,15.1,14.5,4.4
1992,KEYSBROOK (DELBORELLO),J,238,40,5,0,1.3,4.4,6.7,8.1
1992,KEYSBROOK (DELBORELLO),J,245,40,8.5,1.2,0.1,1,2.3,6.6
1992,KEYSBROOK (DELBORELLO),J,252,40,0,0,0.1,0.1,0.2,2
1992,KEYSBROOK (DELBORELLO),J,259,40,17,32.2,8.6,2.4,1.9,5.2
1992,KEYSBROOK (DELBORELLO),J,266,40,0,0.3,1.5,1.3,0.9,0.7
1992,KEYSBROOK (DELBORELLO),J,273,40,9.5,0.3,1.9,3.2,4.5,6.2
1992,KEYSBROOK (DELBORELLO),J,280,40,4,0.3,0.7,1.9,2.7,17.9
1992,KEYSBROOK (DELBORELLO),J,287,40,49,0.8,2.9,2.4,2.4,17.6
1992,KEYSBROOK (DELBORELLO),J,294,40,2,0.1,5.1,7.5,5.7,11
1992,KEYSBROOK (DELBORELLO),J,301,40,0.5,0,0.3,9.8,25.5,29.9
1992,KEYSBROOK (DELBORELLO),J,308,40,0,0,0,0,0,0
1992,KEYSBROOK (DELBORELLO),J,315,40,NA,0,0,0,0,0
1992,KEYSBROOK (DELBORELLO),J,322,40,NA,0,0,0,0,0
1992,"NARROGIN (CURNOW)",A,112,41,NA,2.1,2,2.6,5.4,4.2
1992,"NARROGIN (CURNOW)",A,120,41,3,0.1,0.5,2.2,13,24.3
1992,"NARROGIN (CURNOW)",A,126,41,6,0.1,0,0.2,4.2,88.3
1992,"NARROGIN (CURNOW)",A,133,41,9,18.9,18.4,6.3,8.5,144.2
1992,"NARROGIN (CURNOW)",A,140,41,1,16.8,48.4,43.4,9.3,47.1
1992,"NARROGIN (CURNOW)",A,147,41,1,2.2,11,17.8,9.4,10.9
1992,"NARROGIN (CURNOW)",A,154,41,14.5,0.8,3.4,6.8,14.2,15.2
1992,"NARROGIN (CURNOW)",A,161,41,0.5,0.4,1.3,3.8,3.5,11.6
1992,"NARROGIN (CURNOW)",A,168,41,3.5,0.1,1.5,3.9,6.1,13
1992,"NARROGIN (CURNOW)",A,175,41,0,0.1,0.5,1.2,3.2,3.1
1992,"NARROGIN (CURNOW)",A,182,41,3,0,1.4,1.2,1.9,3.6
1992,"NARROGIN (CURNOW)",A,189,41,16,1.4,1.2,1.1,2,5.8
1992,"NARROGIN (CURNOW)",A,196,41,73.5,0.5,2.6,3.7,2.2,4.3
1992,"NARROGIN (CURNOW)",A,203,41,88,3.5,2.8,5.2,5.5,6.3
1992,"NARROGIN (CURNOW)",A,210,41,57,3.7,10.9,5.2,3.6,7.2
1992,"NARROGIN (CURNOW)",A,217,41,7,4.1,8.6,6.3,2.6,7.2
1992,"NARROGIN (CURNOW)",A,224,41,40,1.8,12.8,16.4,15.6,16.6
1992,"NARROGIN (CURNOW)",A,231,41,41,4.9,9.1,5.7,7.7,9.3
1992,"NARROGIN (CURNOW)",A,238,41,27,2,6.5,6.8,9.4,10.2
1992,"NARROGIN (CURNOW)",A,245,41,2,0.9,3.7,6.4,8.3,10.2
1992,"NARROGIN (CURNOW)",A,252,41,52,2.2,4.7,6.5,7.1,8.8
1992,"NARROGIN (CURNOW)",A,259,41,36.5,2.6,5.8,10.2,10.6,19.1
1992,"NARROGIN (CURNOW)",A,266,41,21,4.8,7.4,8.1,8.2,10.2
1992,"NARROGIN (CURNOW)",A,273,41,12.5,4.5,11.9,11,11.5,14.7
1992,"NARROGIN (CURNOW)",A,280,41,7.5,1.6,1.4,2.9,4.8,11.7
1992,"NARROGIN (CURNOW)",A,287,41,4,0.1,0.6,2.2,3.7,35.3
1992,"NARROGIN (CURNOW)",A,294,41,0.5,0.4,2.3,2.5,2.1,19.9
1992,"NARROGIN (CURNOW)",A,301,41,0,0,0,0.2,0.5,5.6
1992,"NARROGIN (CURNOW)",A,308,41,0,0,0,0,0,0
1992,"NARROGIN (CURNOW)",A,315,41,NA,0,0,0,0,0
1992,"NARROGIN (CURNOW)",B,112,42,NA,5.8,7.5,12.5,18.7,7.6
1992,"NARROGIN (CURNOW)",B,120,42,37.5,2.2,2.4,9.4,30.7,108.2
1992,"NARROGIN (CURNOW)",B,126,42,479.5,0.6,1.1,1.1,2.5,44.6
1992,"NARROGIN (CURNOW)",B,133,42,206.5,20.8,24.5,12.6,8,130.4
1992,"NARROGIN (CURNOW)",B,140,42,83.5,19.9,47.6,46.6,14.1,108.5
1992,"NARROGIN (CURNOW)",B,147,42,0,4.1,9.4,14.9,5.8,21.4
1992,"NARROGIN (CURNOW)",B,154,42,0,2.2,5.5,8.3,16.2,28.3
1992,"NARROGIN (CURNOW)",B,161,42,0,0.2,1.7,3,3.4,7
1992,"NARROGIN (CURNOW)",B,168,42,0,0,2.3,7,6.3,9.4
1992,"NARROGIN (CURNOW)",B,175,42,0,0.2,0.7,2.1,3.9,2
1992,"NARROGIN (CURNOW)",B,182,42,58,0,0.4,2,1.4,3.4
1992,"NARROGIN (CURNOW)",B,189,42,13,1.5,1.6,2.2,1.9,14.5
1992,"NARROGIN (CURNOW)",B,196,42,10.5,0.5,1.5,1.7,0.6,1.5
1992,"NARROGIN (CURNOW)",B,203,42,87.5,3.1,3.8,4.3,2,4.9
1992,"NARROGIN (CURNOW)",B,210,42,77,7,16.9,7.4,4,7.5
1992,"NARROGIN (CURNOW)",B,217,42,40.5,11.9,13.6,5.8,2.6,5.4
1992,"NARROGIN (CURNOW)",B,224,42,1.5,3.6,13.9,9.2,9.7,10.2
1992,"NARROGIN (CURNOW)",B,231,42,12,1.3,1.2,1.3,2.6,6.4
1992,"NARROGIN (CURNOW)",B,238,42,88.5,1.9,7.8,8.7,7.6,10.9
1992,"NARROGIN (CURNOW)",B,245,42,7.5,1.7,4.6,6.3,6.4,7.9
1992,"NARROGIN (CURNOW)",B,252,42,20.5,0,0.1,0.3,0.6,2.7
1992,"NARROGIN (CURNOW)",B,259,42,52.5,2.6,4.3,4.5,3,4.9
1992,"NARROGIN (CURNOW)",B,266,42,5.5,4.4,5.4,3.8,4.8,4.8
1992,"NARROGIN (CURNOW)",B,273,42,7,1.4,3.5,1.7,1.9,3.7
1992,"NARROGIN (CURNOW)",B,280,42,12.5,3.2,3,3.7,4.4,9.1
1992,"NARROGIN (CURNOW)",B,287,42,10.5,0.4,0.7,2.3,1.7,9.6
1992,"NARROGIN (CURNOW)",B,294,42,0.5,0.4,1.2,2.2,3,10.4
1992,"NARROGIN (CURNOW)",B,301,42,0.5,0,0.1,0,0.2,0.4
1992,"NARROGIN (CURNOW)",B,308,42,0,0,0,0,0,0.3
1992,"NARROGIN (CURNOW)",B,315,42,NA,0,0,0,0,0
1992,"NARROGIN (CURNOW)",C,112,43,NA,2.5,6.9,23.2,36.3,3.5
1992,"NARROGIN (CURNOW)",C,120,43,28,4.9,5.2,5.9,25.2,31.3
1992,"NARROGIN (CURNOW)",C,126,43,25,0.8,0.4,1,6.3,84.8
1992,"NARROGIN (CURNOW)",C,133,43,48,37.5,25.2,9.4,8,158.9
1992,"NARROGIN (CURNOW)",C,140,43,82.5,16.3,56.3,26.7,11.5,83.7
1992,"NARROGIN (CURNOW)",C,147,43,45.5,2.2,9.7,9.1,6.5,17.9
1992,"NARROGIN (CURNOW)",C,154,43,7.5,2.6,6.5,9,18.6,16.8
1992,"NARROGIN (CURNOW)",C,161,43,0,0.4,2.2,5,5.4,6.4
1992,"NARROGIN (CURNOW)",C,168,43,2,0,2,4.6,5.6,14.7
1992,"NARROGIN (CURNOW)",C,175,43,0,0.1,0.8,2,1.8,3
1992,"NARROGIN (CURNOW)",C,182,43,2.5,0.3,0.7,2,2.9,4.1
1992,"NARROGIN (CURNOW)",C,189,43,24.5,1.3,2.2,1.9,1.6,6.5
1992,"NARROGIN (CURNOW)",C,196,43,11,1,2.1,3.2,1.6,4
1992,"NARROGIN (CURNOW)",C,203,43,0,4,3.9,1.8,1.8,4
1992,"NARROGIN (CURNOW)",C,210,43,5.5,3.1,5.8,1.5,1.2,5.2
1992,"NARROGIN (CURNOW)",C,217,43,1.5,1.9,6,3.7,2.2,6.4
1992,"NARROGIN (CURNOW)",C,224,43,0,1.5,6.3,6.4,5,7.3
1992,"NARROGIN (CURNOW)",C,231,43,26,1,2.8,3.8,8,12.1
1992,"NARROGIN (CURNOW)",C,238,43,0,0.9,6.2,8.5,8.6,14.6
1992,"NARROGIN (CURNOW)",C,245,43,7.5,2.9,6.2,8.4,6,10.3
1992,"NARROGIN (CURNOW)",C,252,43,83.5,0,0.5,0.8,2,7.1
1992,"NARROGIN (CURNOW)",C,259,43,37.5,1.4,3.1,2.7,1.9,7.1
1992,"NARROGIN (CURNOW)",C,266,43,0,6.3,4.7,3.2,0.8,3
1992,"NARROGIN (CURNOW)",C,273,43,0.5,2.5,5.4,5.5,7.3,11.2
1992,"NARROGIN (CURNOW)",C,280,43,9.5,2.7,2.1,3.1,4.5,17.1
1992,"NARROGIN (CURNOW)",C,287,43,8,0.1,1,3.3,4.6,15.5
1992,"NARROGIN (CURNOW)",C,294,43,1,0.5,2.3,4,5.6,17.5
1992,"NARROGIN (CURNOW)",C,301,43,0,0,0,0,0,3.3
1992,"NARROGIN (CURNOW)",C,308,43,0,0,0,0,0,0
1992,"NARROGIN (CURNOW)",C,315,43,NA,0,0,0,0,0
1992,"NARROGIN (CURNOW)",D,112,44,NA,0.4,4.3,37.7,117.9,9.1
1992,"NARROGIN (CURNOW)",D,120,44,0,1.4,1.5,6,56.3,96.5
1992,"NARROGIN (CURNOW)",D,126,44,9.5,0.1,0.3,0.4,4.6,96.3
1992,"NARROGIN (CURNOW)",D,133,44,15,41.2,30.5,4.4,9.1,150.9
1992,"NARROGIN (CURNOW)",D,140,44,25,25.7,81.6,42.5,8.2,49.9
1992,"NARROGIN (CURNOW)",D,147,44,1.5,2,9.4,18.9,12.3,17.9
1992,"NARROGIN (CURNOW)",D,154,44,42.5,1.4,7.6,11.8,22.4,24.8
1992,"NARROGIN (CURNOW)",D,161,44,0,0.3,2.6,4.9,7.6,11.4
1992,"NARROGIN (CURNOW)",D,168,44,0,0,0.1,0.7,0.7,2.7
1992,"NARROGIN (CURNOW)",D,175,44,0,0.1,0.1,2.4,5.3,4.8
1992,"NARROGIN (CURNOW)",D,182,44,17,0.1,0.4,1.7,2,4.6
1992,"NARROGIN (CURNOW)",D,189,44,4,0.6,2.4,1.8,2,7.5
1992,"NARROGIN (CURNOW)",D,196,44,52,0.8,2.8,1.7,1.5,3.2
1992,"NARROGIN (CURNOW)",D,203,44,45,2.1,4.5,4.4,2.6,5
1992,"NARROGIN (CURNOW)",D,210,44,11.5,7.9,15.8,5.8,4,6.2
1992,"NARROGIN (CURNOW)",D,217,44,64.5,12.2,21.9,13.1,7.2,16.5
1992,"NARROGIN (CURNOW)",D,224,44,141,3.6,21.3,21,12.7,16.7
1992,"NARROGIN (CURNOW)",D,231,44,109.5,3.7,8.6,12.6,15.3,13
1992,"NARROGIN (CURNOW)",D,238,44,16.5,0.7,11,13,14.3,18.3
1992,"NARROGIN (CURNOW)",D,245,44,167.5,1.8,6,8.3,6.8,16.1
1992,"NARROGIN (CURNOW)",D,252,44,1.5,5.5,7.1,6.5,6.5,9.3
1992,"NARROGIN (CURNOW)",D,259,44,52,12,18.3,16.6,15.5,15.7
1992,"NARROGIN (CURNOW)",D,266,44,4.5,14.1,28.8,19.4,10.9,9.2
1992,"NARROGIN (CURNOW)",D,273,44,10,4.9,8.3,9.4,13.6,13.2
1992,"NARROGIN (CURNOW)",D,280,44,0.5,5.9,10.8,17.5,16.6,25.5
1992,"NARROGIN (CURNOW)",D,287,44,0.5,0.5,2.8,5,5.4,15.6
1992,"NARROGIN (CURNOW)",D,294,44,0,0,0.3,1.8,5,34.1
1992,"NARROGIN (CURNOW)",D,301,44,0,0,0,0,0,0.7
1992,"NARROGIN (CURNOW)",D,308,44,0,0,0,0,0,0.2
1992,"NARROGIN (CURNOW)",D,315,44,NA,0,0,0,0,0
1992,"NARROGIN (CURNOW)",E,112,45,NA,0.7,4.4,12.3,18.1,4.7
1992,"NARROGIN (CURNOW)",E,120,45,6,1.1,1.5,7.4,25.4,48.5
1992,"NARROGIN (CURNOW)",E,126,45,498,0.9,0.6,0.9,5.4,111
1992,"NARROGIN (CURNOW)",E,133,45,27,26.9,19.3,4.9,3.4,109.3
1992,"NARROGIN (CURNOW)",E,140,45,21,18,72.5,39.4,6.2,50.4
1992,"NARROGIN (CURNOW)",E,147,45,14,3.8,13,26.5,13.7,20
1992,"NARROGIN (CURNOW)",E,154,45,5,2.1,5.7,12,24.6,20.9
1992,"NARROGIN (CURNOW)",E,161,45,0,0.7,3.4,4.7,5.6,19.3
1992,"NARROGIN (CURNOW)",E,168,45,0,0,0.3,3.8,4.9,14
1992,"NARROGIN (CURNOW)",E,175,45,10.333333333333334,0.1,0.9,2.7,3.6,4.7
1992,"NARROGIN (CURNOW)",E,182,45,6,0.1,0.4,1.7,2.1,2.1
1992,"NARROGIN (CURNOW)",E,189,45,60,0.7,2,2.3,0.7,7.7
1992,"NARROGIN (CURNOW)",E,196,45,24.5,2.4,3.5,1.2,1,2.1
1992,"NARROGIN (CURNOW)",E,203,45,101.5,4.3,5.6,5.4,4,5.3
1992,"NARROGIN (CURNOW)",E,210,45,117,1.7,10.9,4.1,3.8,8.5
1992,"NARROGIN (CURNOW)",E,217,45,170.5,8,17.7,9.9,8.9,12.2
1992,"NARROGIN (CURNOW)",E,224,45,164.5,2.9,17.6,27.3,24.4,17.6
1992,"NARROGIN (CURNOW)",E,231,45,177,3.1,22,27.3,23.3,24.5
1992,"NARROGIN (CURNOW)",E,238,45,110,1.1111111111111112,7.222222222222222,10,14.555555555555555,19.88888888888889
1992,"NARROGIN (CURNOW)",E,245,45,0,2.7,7.5,9.2,9.3,14.6
1992,"NARROGIN (CURNOW)",E,252,45,60,5.4,7.4,8,6.7,12
1992,"NARROGIN (CURNOW)",E,259,45,17,1.6,6.4,7.8,8.6,9.7
1992,"NARROGIN (CURNOW)",E,266,45,35.5,9.9,25,19.4,14.4,13.9
1992,"NARROGIN (CURNOW)",E,273,45,22.5,7.6,11,12.9,13.2,19.8
1992,"NARROGIN (CURNOW)",E,280,45,6.5,3.6,10.3,18.1,29.6,35.3
1992,"NARROGIN (CURNOW)",E,287,45,4,2.7,9.6,11.1,12.8,42
1992,"NARROGIN (CURNOW)",E,294,45,3,0.7,3.7,7.9,10.3,44.1
1992,"NARROGIN (CURNOW)",E,301,45,0,0,0,0,0,0.7
1992,"NARROGIN (CURNOW)",E,308,45,0,0,0,0,0,0
1992,"NARROGIN (CURNOW)",E,315,45,NA,0,0,0,0,0
1992,"NARROGIN (CURNOW)",F,112,46,NA,0.1,0.8,37.3,13.6,4.3
1992,"NARROGIN (CURNOW)",F,120,46,0,0.1,0.3,1.8,12.7,15.7
1992,"NARROGIN (CURNOW)",F,126,46,35,0.2,0.4,0.3,6.9,72.5
1992,"NARROGIN (CURNOW)",F,133,46,0.5,24.1,19.4,6.4,5.2,169.1
1992,"NARROGIN (CURNOW)",F,140,46,0,1.1,7.2,6.1,0.9,14.4
1992,"NARROGIN (CURNOW)",F,147,46,9,0.7,3.2,5.4,2.2,12.9
1992,"NARROGIN (CURNOW)",F,154,46,0,2.9,7,15,19,25.5
1992,"NARROGIN (CURNOW)",F,161,46,0,0,1.9,3.9,3.8,8.8
1992,"NARROGIN (CURNOW)",F,168,46,6,0,1.1,1.7,1.7,3.8
1992,"NARROGIN (CURNOW)",F,175,46,0,0,0.6,0.8,2.3,1.4
1992,"NARROGIN (CURNOW)",F,182,46,134,0.1,1.2,2.7,4.7,9.6
1992,"NARROGIN (CURNOW)",F,189,46,0,1.1,1.2,1.7,1.4,7
1992,"NARROGIN (CURNOW)",F,196,46,58,0.4,1.5,2.2,1.5,5.1
1992,"NARROGIN (CURNOW)",F,203,46,0.5,1.3,0.5,1,2.1,4
1992,"NARROGIN (CURNOW)",F,210,46,27.5,4.7,7.1,1.4,2.9,5.5
1992,"NARROGIN (CURNOW)",F,217,46,19,0,0.4,0.6,1.2,8.2
1992,"NARROGIN (CURNOW)",F,224,46,0,0,0.3,0.1,1.5,3.7
1992,"NARROGIN (CURNOW)",F,231,46,25,11.2,20.3,9.6,8.6,9.4
1992,"NARROGIN (CURNOW)",F,238,46,1.5,0,0.1,0.6,0.8,6
1992,"NARROGIN (CURNOW)",F,245,46,1,0.7,2.9,3.2,3.9,7
1992,"NARROGIN (CURNOW)",F,252,46,7,3.7,4.7,3,3.2,6
1992,"NARROGIN (CURNOW)",F,259,46,6,4.9,7.7,4.7,4.6,6.2
1992,"NARROGIN (CURNOW)",F,266,46,37,15.2,18.4,15.9,10.2,7.1
1992,"NARROGIN (CURNOW)",F,273,46,31.5,6.3,9.8,7.8,7.2,11
1992,"NARROGIN (CURNOW)",F,280,46,0,2,1.3,1.7,2.8,5.5
1992,"NARROGIN (CURNOW)",F,287,46,0,0.7,1.2,3.3,5.2,23.1
1992,"NARROGIN (CURNOW)",F,294,46,4,0.1,0.4,0.4,0.3,6.1
1992,"NARROGIN (CURNOW)",F,301,46,1,0,0,0,0,3
1992,"NARROGIN (CURNOW)",F,308,46,0,0,0,0,0,0
1992,"NARROGIN (CURNOW)",F,315,46,NA,0,0,0,0,0
1992,"NARROGIN (CURNOW)",G,112,47,NA,0,0.1,42.6,93.4,3.4
1992,"NARROGIN (CURNOW)",G,120,47,18.5,0,0.3,1.9,25.4,52.8
1992,"NARROGIN (CURNOW)",G,126,47,53,0.2,0.2,0.3,4.9,95.9
1992,"NARROGIN (CURNOW)",G,133,47,274,23,14.2,3.8,5.4,135.5
1992,"NARROGIN (CURNOW)",G,140,47,238.5,4.1,24.2,10.5,1.2,35.4
1992,"NARROGIN (CURNOW)",G,147,47,12,2.7,12.3,20.6,7.1,21.2
1992,"NARROGIN (CURNOW)",G,154,47,10,1.9,7.1,14.7,14.5,12.9
1992,"NARROGIN (CURNOW)",G,161,47,3,0.3,2.7,5.7,7,8.5
1992,"NARROGIN (CURNOW)",G,168,47,6.5,0,0.7,4.8,5.1,8.6
1992,"NARROGIN (CURNOW)",G,175,47,3,0,0.8,3.2,3.6,4.1
1992,"NARROGIN (CURNOW)",G,182,47,86.5,0,0.3,1.3,2.9,4.3
1992,"NARROGIN (CURNOW)",G,189,47,13,0.3,1.4,1.3,1,2
1992,"NARROGIN (CURNOW)",G,196,47,0,0.3,0.7,0.7,0.4,2
1992,"NARROGIN (CURNOW)",G,203,47,2.5,2.9,4.1,4,2.7,5.9
1992,"NARROGIN (CURNOW)",G,210,47,3.5,3,9,2,1.5,5.7
1992,"NARROGIN (CURNOW)",G,217,47,32.5,11.5,49.1,22.4,6.6,15.5
1992,"NARROGIN (CURNOW)",G,224,47,0,2,4.5,3.8,3.7,5.8
1992,"NARROGIN (CURNOW)",G,231,47,3.5,2.8,23,14,16.1,10.8
1992,"NARROGIN (CURNOW)",G,238,47,28.5,1.2,5.5,7.4,8.6,14.3
1992,"NARROGIN (CURNOW)",G,245,47,8.5,0.5,2,3.1,4.4,7.3
1992,"NARROGIN (CURNOW)",G,252,47,64.5,2,4.8,4.2,4.7,6.3
1992,"NARROGIN (CURNOW)",G,259,47,171.5,8,16.7,13.8,8.8,11.5
1992,"NARROGIN (CURNOW)",G,266,47,43,15,17.1,13.6,9.8,7.3
1992,"NARROGIN (CURNOW)",G,273,47,11.5,2.8,4.3,6.1,7.2,9.3
1992,"NARROGIN (CURNOW)",G,280,47,0,1.3,1.3,2,3.8,8.3
1992,"NARROGIN (CURNOW)",G,287,47,0.5,0.7,1.6,2.1,2.9,12
1992,"NARROGIN (CURNOW)",G,294,47,0,0,0.7,1.9,5.4,32.1
1992,"NARROGIN (CURNOW)",G,301,47,0,0,0,0,0.1,0.8
1992,"NARROGIN (CURNOW)",G,308,47,0,0,0,0,0,0
1992,"NARROGIN (CURNOW)",G,315,47,NA,0,0,0,0,0
1992,"NARROGIN (CURNOW)",H,112,48,NA,0.2,1,43.7,40.3,2.7
1992,"NARROGIN (CURNOW)",H,120,48,9,0.6,0.5,0.8,9.7,60.6
1992,"NARROGIN (CURNOW)",H,126,48,34,0.1,0.3,1.3,4.5,70
1992,"NARROGIN (CURNOW)",H,133,48,328.5,18.3,12.7,1.4,3.1,90.8
1992,"NARROGIN (CURNOW)",H,140,48,233,12.3,33.9,21.9,3,63
1992,"NARROGIN (CURNOW)",H,147,48,10,0.7,5,16.1,13.1,16.8
1992,"NARROGIN (CURNOW)",H,154,48,11.5,0.7,4.5,14.1,20.6,20.8
1992,"NARROGIN (CURNOW)",H,161,48,6.5,0.3,2.8,7.3,7.9,10.4
1992,"NARROGIN (CURNOW)",H,168,48,0.5,0,0,1.6,3.3,5.4
1992,"NARROGIN (CURNOW)",H,175,48,0,0.1,0.2,1.3,2.3,2.6
1992,"NARROGIN (CURNOW)",H,182,48,14,0.4,0.8,1.5,2.9,4.9
1992,"NARROGIN (CURNOW)",H,189,48,6.5,1.8,4.3,3.1,3.3,9.9
1992,"NARROGIN (CURNOW)",H,196,48,23,1.5,2.3,0.9,0.6,3.4
1992,"NARROGIN (CURNOW)",H,203,48,54.5,3.6,4.7,3.4,1.8,5
1992,"NARROGIN (CURNOW)",H,210,48,15.5,9.2,24.2,8.4,6,6
1992,"NARROGIN (CURNOW)",H,217,48,52.5,16.8,31,9.1,6.3,5.9
1992,"NARROGIN (CURNOW)",H,224,48,32,1.7,7.3,9.5,11.2,11.5
1992,"NARROGIN (CURNOW)",H,231,48,0,5.1,23.2,23.4,26.1,25.5
1992,"NARROGIN (CURNOW)",H,238,48,0.5,1.6,7.9,16.2,15.6,17.5
1992,"NARROGIN (CURNOW)",H,245,48,75,2.1,5.7,7.7,8,13.6
1992,"NARROGIN (CURNOW)",H,252,48,43.5,5.1,8.3,6.4,6.4,10.3
1992,"NARROGIN (CURNOW)",H,259,48,180,12.6,21.1,12.1,7.2,15.9
1992,"NARROGIN (CURNOW)",H,266,48,17.5,13.7,25,28.4,28.2,19
1992,"NARROGIN (CURNOW)",H,273,48,0.5,12.1,21,20.7,20.1,19.8
1992,"NARROGIN (CURNOW)",H,280,48,0,2.1,5.6,14.2,14.9,20.8
1992,"NARROGIN (CURNOW)",H,287,48,6.5,1.6,6.5,9.9,14.8,25.6
1992,"NARROGIN (CURNOW)",H,294,48,0.5,0,1.1,2.9,6.3,41.8
1992,"NARROGIN (CURNOW)",H,301,48,0,0,0,0.1,0.1,0.3
1992,"NARROGIN (CURNOW)",H,308,48,0,0,0,0,0,0
1992,"NARROGIN (CURNOW)",H,315,48,NA,0,0,0,0,0
1992,"NARROGIN (CURNOW)",I,112,49,NA,0,0.5,45.2,48.3,4.4
1992,"NARROGIN (CURNOW)",I,120,49,2,1.6,1.4,2.9,3.8,55.4
1992,"NARROGIN (CURNOW)",I,126,49,2,0.3,0.8,1.8,5.9,51.2
1992,"NARROGIN (CURNOW)",I,133,49,119,23.9,18.6,4.3,1.8,112.6
1992,"NARROGIN (CURNOW)",I,140,49,11,20.5,48.3,27.4,3.8,20.2
1992,"NARROGIN (CURNOW)",I,147,49,0,1.8,9.7,16,11.5,20.3
1992,"NARROGIN (CURNOW)",I,154,49,2,0.4,5.1,10.7,16.3,14.4
1992,"NARROGIN (CURNOW)",I,161,49,0,0,2.5,5.4,10,12.2
1992,"NARROGIN (CURNOW)",I,168,49,0,0.1,1,3.7,4.4,12.7
1992,"NARROGIN (CURNOW)",I,175,49,6.5,0,0.1,1.9,5.6,10.2
1992,"NARROGIN (CURNOW)",I,182,49,16,0.1,0.2,0.8,1.2,3.8
1992,"NARROGIN (CURNOW)",I,189,49,40,1,2.5,1,1,6.3
1992,"NARROGIN (CURNOW)",I,196,49,25.5,1.4,2.8,2.1,0.3,2.6
1992,"NARROGIN (CURNOW)",I,203,49,10,6.1,4.7,2.3,1,3
1992,"NARROGIN (CURNOW)",I,210,49,55,3,21.6,10.7,7,5.3
1992,"NARROGIN (CURNOW)",I,217,49,31.5,7.3,20.5,13.8,7.6,13.7
1992,"NARROGIN (CURNOW)",I,224,49,9,2.5,7.1,10.9,10.9,7.5
1992,"NARROGIN (CURNOW)",I,231,49,122,3.4,6.9,7.2,9.5,12.7
1992,"NARROGIN (CURNOW)",I,238,49,29.5,0.5,4,10.6,11.3,20.4
1992,"NARROGIN (CURNOW)",I,245,49,13,3,4.8,5.5,6,16.6
1992,"NARROGIN (CURNOW)",I,252,49,76.5,3.7,6.9,6,5.2,12.1
1992,"NARROGIN (CURNOW)",I,259,49,43.5,6.7,13.3,11.1,7,12.2
1992,"NARROGIN (CURNOW)",I,266,49,12.5,6.6,7.6,6.7,6.6,9.4
1992,"NARROGIN (CURNOW)",I,273,49,13,5.3,10.5,13,15.5,30.5
1992,"NARROGIN (CURNOW)",I,280,49,20.5,2.2,4,8.9,13.7,25.5
1992,"NARROGIN (CURNOW)",I,287,49,0,0.2,2.9,8.8,19.9,113.4
1992,"NARROGIN (CURNOW)",I,294,49,1.5,0,0.7,1.2,2.7,14.9
1992,"NARROGIN (CURNOW)",I,301,49,0,0,0,0,0,0.1
1992,"NARROGIN (CURNOW)",I,308,49,0,0,0,0,0,0
1992,"NARROGIN (CURNOW)",I,315,49,NA,0,0,0,0,0
1992,"NARROGIN (CURNOW)",J,112,50,NA,0,0.7,3.1,3.1,1.3
1992,"NARROGIN (CURNOW)",J,120,50,56,0,0.3,0.5,5,63.4
1992,"NARROGIN (CURNOW)",J,126,50,5,3.3,2.7,4,7.4,65.9
1992,"NARROGIN (CURNOW)",J,133,50,93.5,32.9,24,10,4,104.7
1992,"NARROGIN (CURNOW)",J,140,50,137.5,11.2,41.1,23,7.2,34.6
1992,"NARROGIN (CURNOW)",J,147,50,26,1.6,4.3,9.6,8.3,15.9
1992,"NARROGIN (CURNOW)",J,154,50,5,1.7,6,12,14.9,10.1
1992,"NARROGIN (CURNOW)",J,161,50,0,0.1,1.2,2.8,9.5,13.3
1992,"NARROGIN (CURNOW)",J,168,50,0,0,0.5,1.6,3,6.5
1992,"NARROGIN (CURNOW)",J,175,50,0,0,0,1.1,2.4,4.3
1992,"NARROGIN (CURNOW)",J,182,50,17.5,0.1,0.6,1,1.4,6.3
1992,"NARROGIN (CURNOW)",J,189,50,23,1.6,3,2,1.9,3.5
1992,"NARROGIN (CURNOW)",J,196,50,16,0.9,2.6,2.3,0.4,2.9
1992,"NARROGIN (CURNOW)",J,203,50,17,4.5,3.7,1.5,1.8,2.9
1992,"NARROGIN (CURNOW)",J,210,50,0,1.7,10.4,4.5,4.5,6.1
1992,"NARROGIN (CURNOW)",J,217,50,74,5.1,9.3,3.8,3.1,9.6
1992,"NARROGIN (CURNOW)",J,224,50,99.5,12.3,11.9,11.3,14.5,20.4
1992,"NARROGIN (CURNOW)",J,231,50,44.5,5.9,10.2,10.1,11.2,14.8
1992,"NARROGIN (CURNOW)",J,238,50,4,1.8,4.1,5.8,3.8,11.3
1992,"NARROGIN (CURNOW)",J,245,50,88.5,2.9,5.1,6.2,6.8,13.7
1992,"NARROGIN (CURNOW)",J,252,50,65,5.5,9.2,8.3,5.3,9.2
1992,"NARROGIN (CURNOW)",J,259,50,8,2.3,4.3,5.6,3,9.1
1992,"NARROGIN (CURNOW)",J,266,50,NA,8.7,6.8,6.7,7.5,8.7
1992,"NARROGIN (CURNOW)",J,273,50,10,1.9,6.7,9.8,11.7,25.7
1992,"NARROGIN (CURNOW)",J,280,50,2,0.8,4.2,13.2,19.6,39.2
1992,"NARROGIN (CURNOW)",J,287,50,1.5,0.5,1.4,1.7,2.1,16.6
1992,"NARROGIN (CURNOW)",J,294,50,0,0,0.1,0.6,0.4,1.1
1992,"NARROGIN (CURNOW)",J,301,50,0,0,0,0,0.1,0.1
1992,"NARROGIN (CURNOW)",J,308,50,0,0,0,0,0,0
1992,"NARROGIN (CURNOW)",J,315,50,NA,0,0,0,0,0
